,Year,Gross Production,Total Imports,Total Feedstock,Total Exports,Destruction,AIM Act Consumption
kg,2023,145018.82,68077.56235,-22942.69744,-22172.27307,-764.9335,167216.4784
MTCO2e,2023,186343348.8,124861066.4,-15871260.18,-33721490.01,-8705669.493,252905995.5
