End-Uses,Substitute,Trade Name,"Retrofit/New",ODP,GWP,ASHRAE Designation (Safety Classification),SNAP Listing Date,Listing Status,Further Information
Centrifugal Chillers,Ammonia / Water Absorption,,N,0,0,B2,"March 18, 1994",Acceptable,
Centrifugal Chillers,Ammonia Absorption,,N,0,0,B2,"September 5, 1996; June 16, 2010",Acceptable,
Centrifugal Chillers,Ammonia Vapor Compression,,N,0,0,B2,"March 18, 1994",Acceptable,
Centrifugal Chillers,Ammonia Vapor Compression with Secondary Loop,,N,0,0,B2,"September 5, 1996; June 16, 2010",Acceptable,
Centrifugal Chillers,Desiccant Cooling,,N,0,N/A,N/A,"March 18, 1994; June 16, 2010",Acceptable,
Cold Storage Warehouses,HCFC-22,22,R/N,0.055,"1,810",A1,"March 18, 1994",Acceptable,
Cold Storage Warehouses,R-402A,HP-80,R/N,0.019,"2,746",A1,"March 18, 1994",Acceptable,
Cold Storage Warehouses,R-402B,HP-81,R/N,0.03,"2,379",A1,"March 18, 1994",Acceptable,
Commerical Ice Machines,HCFC-22,22,N,0.055,"1,810",A1,"March 18, 1994",Acceptable,
Commerical Ice Machines,R-402A,HP-80,R/N,0.019,"2,746",A1,"March 18, 1994",Acceptable,
Commerical Ice Machines,R-402B,HP-81,R/N,0.03,"2,379",A1,"March 18, 1994",Acceptable,
Household Refrigerators and Freezers,HFC-152a,,N,0,124,A2,"March 18, 1994",Acceptable,
Ice Skating Rinks,HCFC-22,22,R/N,0.055,"1,810",A1,"March 18, 1994",Acceptable,
Ice Skating Rinks,R-401A,SUVA MP-39,R,0.037,"1,182",A1,"March 18, 1994",Acceptable,
Ice Skating Rinks,R-401B,SUVA MP-66,R,0.040,"1,288",A1,"March 18, 1994",Acceptable,
Industrial Process Air Conditioning,HCFC-124,,R/N,0.022,609,A1,"March 18, 1994",Acceptable,
Industrial Process Refrigeration,Chlorine,,R/N,N/A,N/A,A1,"March 18, 1994",Acceptable,
Industrial Process Refrigeration,HCFC-22,22,R/N,0.055,"1,810",A1,"March 18, 1994",Acceptable,
Industrial Process Refrigeration,R-402A,HP-80,R/N,0.019,"2,746",A1,"March 18, 1994",Acceptable,
Industrial Process Refrigeration,R-402B,HP-81,R/N,0.03,"2,379",A1,"March 18, 1994",Acceptable,
"Passenger Air Conditioning in Light-Duty, Medium-Duty, Heavy-Duty and Off-Road Vehicles",Evaporative Cooling,,N,0,N/A,N/A,"March 18, 1994",Acceptable,
"Passenger Air Conditioning in Light-Duty, Medium-Duty, Heavy-Duty and Off-Road Vehicles",Stirling Cycle,,N,0,N/A,N/A,"March 18, 1994",Acceptable,
Positive Displacement Chillers,HCFC-22,22,N,0.055,"1,810",A1,"March 18, 1994",Acceptable,Originally listed under reciprocating chillers only. 
Refrigerated Food Processing and Dispensing Equipment,HCFC-22,22,R/N,0.055,"1,810",A1,"March 18, 1994",Acceptable,
Refrigerated Food Processing and Dispensing Equipment,HFC-134a,134a,R/N,0,"1,430",A1,"March 18, 1994",Acceptable,
Refrigerated Food Processing and Dispensing Equipment,R-402A,HP-80,R/N,0.019,"2,746",A1,"March 18, 1994",Acceptable,
Refrigerated Food Processing and Dispensing Equipment,R-402B,HP-81,R/N,0.03,"2,379",A1,"March 18, 1994",Acceptable,
Refrigerated Transport,HCFC-22,22,R/N,0.055,"1,810",A1,"March 18, 1994",Acceptable,
Refrigerated Transport,R-402A,HP-80,R/N,0.019,"2,746",A1,"March 18, 1994",Acceptable,
Refrigerated Transport,R-402B,HP-81,R/N,0.03,"2,379",A1,"March 18, 1994",Acceptable,
Remote Condensing Units,HCFC-22,22,R/N,0.055,"1,810",A1,"March 18, 1994",Acceptable,
Remote Condensing Units,HFC-134a,134a,R/N,0,"1,430",A1,"March 18, 1994",Acceptable,
Remote Condensing Units,R-402A,HP-80,R/N,0.019,"2,746",A1,"March 18, 1994",Acceptable,
Remote Condensing Units,R-402B,HP-81,R/N,0.03,"2,379",A1,"March 18, 1994",Acceptable,
Residential Dehumidifiers,HCFC-22,22,R/N,0.055,"1,810",A1,"March 18, 1994",Acceptable,
Stand-Alone Equipment,HCFC-22,22,R/N,0.055,"1,810",A1,"March 18, 1994",Acceptable,
Stand-Alone Equipment,R-402A,HP-80,R/N,0.019,"2,746",A1,"March 18, 1994",Acceptable,
Stand-Alone Equipment,R-402B,HP-81,R/N,0.03,"2,379",A1,"March 18, 1994",Acceptable,
Supermarket Systems,HCFC-22,22,R/N,0.055,"1,810",A1,"March 18, 1994",Acceptable,
Supermarket Systems,HFC-134a,134a,R/N,0,"1,430",A1,"March 18, 1994",Acceptable,
Supermarket Systems,R-402A,HP-80,R/N,0.019,"2,746",A1,"March 18, 1994",Acceptable,
Supermarket Systems,R-402B,HP-81,R/N,0.03,"2,379",A1,"March 18, 1994",Acceptable,
Vending Machines,HCFC-22,22,R/N,0.055,"1,810",A1,"March 18, 1994",Acceptable,
Water Coolers,HCFC-22,22,N,0.055,"1,810",A1,"March 18, 1994",Acceptable,
Centrifugal Chillers,Evaporative Cooling,,N,0,N/A,N/A,"March 18, 1994; September 5, 1996; June 16, 2010",Acceptable,
Cold Storage Warehouses,R-406A,GHG,R,0.057,"1,900",A2,"August 26, 1994",Acceptable,
Cold Storage Warehouses,R-408A (HCFC Blend Epsilon),,R,0.026,55,A1,"August 26, 1994",Acceptable,
Commerical Ice Machines,R-406A,GHG,R,0.057,"1,900",A2,"August 26, 1994",Acceptable,
Commerical Ice Machines,R-408A (HCFC Blend Epsilon),,R,0.026,55,A1,"August 26, 1994",Acceptable,
Commerical Ice Machines,R-409A (HCFC Blend Gamma),R-409A (HCFC Blend Gamma),R,0.047,"1,558",A1,"August 26, 1994",Acceptable,
Household Refrigerators and Freezers,R-402A,HP-80,R,0.019,"2,746",A1,"August 26, 1994",Acceptable,
Household Refrigerators and Freezers,R-402B,HP-81,R,0.03,"2,379",A1,"August 26, 1994",Acceptable,
Household Refrigerators and Freezers,R-406A,GHG,R,0.057,"1,900",A2,"August 26, 1994",Acceptable,
Household Refrigerators and Freezers,R-409A (HCFC Blend Gamma),R-409A (HCFC Blend Gamma),R,0.047,"1,558",A1,"August 26, 1994",Acceptable,
Industrial Process Refrigeration,HCFC-123,,R/N,0.02,77,B1,"August 26, 1994",Acceptable,
Industrial Process Refrigeration,HFC-23,,R/N,0,"14,800",A1,"August 26, 1994",Acceptable,
Industrial Process Refrigeration,R-403B,ISCEON 69-L,R/N,0.041,"3,096",A1,"August 26, 1994",Acceptable,
Industrial Process Refrigeration,R-406A,GHG,R,0.057,"1,900",A2,"August 26, 1994",Acceptable,
Industrial Process Refrigeration,R-408A (HCFC Blend Epsilon),,R,0.026,55,A1,"August 26, 1994",Acceptable,
Refrigerated Food Processing and Dispensing Equipment,R-406A,GHG,R,0.057,"1,900",A2,"August 26, 1994",Acceptable,
Refrigerated Food Processing and Dispensing Equipment,R-408A (HCFC Blend Epsilon),,R,0.026,55,A1,"August 26, 1994",Acceptable,
Refrigerated Food Processing and Dispensing Equipment,R-409A (HCFC Blend Gamma),R-409A (HCFC Blend Gamma),R,0.047,"1,558",A1,"August 26, 1994",Acceptable,
Refrigerated Transport,R-406A,GHG,R,0.057,"1,900",A2,"August 26, 1994",Acceptable,
Refrigerated Transport,R-408A (HCFC Blend Epsilon),,R,0.026,55,A1,"August 26, 1994",Acceptable,
Refrigerated Transport,R-409A (HCFC Blend Gamma),R-409A (HCFC Blend Gamma),R,0.047,"1,558",A1,"August 26, 1994",Acceptable,
Remote Condensing Units,R-406A,GHG,R,0.057,"1,900",A2,"August 26, 1994",Acceptable,
Remote Condensing Units,R-408A (HCFC Blend Epsilon),,R,0.026,55,A1,"August 26, 1994",Acceptable,
Remote Condensing Units,R-409A (HCFC Blend Gamma),R-409A (HCFC Blend Gamma),R,0.047,"1,558",A1,"August 26, 1994",Acceptable,
Residential Dehumidifiers,R-406A,GHG,R,0.057,"1,900",A2,"August 26, 1994",Acceptable,
Residential Dehumidifiers,R-409A (HCFC Blend Gamma),R-409A (HCFC Blend Gamma),R,0.047,"1,558",A1,"August 26, 1994",Acceptable,
Stand-Alone Equipment,R-406A,GHG,R,0.057,"1,900",A2,"August 26, 1994",Acceptable,
Stand-Alone Equipment,R-408A (HCFC Blend Epsilon),,R,0.026,55,A1,"August 26, 1994",Acceptable,
Stand-Alone Equipment,R-409A (HCFC Blend Gamma),R-409A (HCFC Blend Gamma),R,0.047,"1,558",A1,"August 26, 1994",Acceptable,
Supermarket Systems,R-406A,GHG,R,0.057,"1,900",A2,"August 26, 1994",Acceptable,
Supermarket Systems,R-408A (HCFC Blend Epsilon),,R,0.026,55,A1,"August 26, 1994",Acceptable,
Supermarket Systems,R-409A (HCFC Blend Gamma),R-409A (HCFC Blend Gamma),R,0.047,"1,558",A1,"August 26, 1994",Acceptable,
Vending Machines,R-406A,GHG,R,0.057,"1,900",A2,"August 26, 1994",Acceptable,
Vending Machines,R-409A (HCFC Blend Gamma),R-409A (HCFC Blend Gamma),R,0.047,"1,558",A1,"August 26, 1994",Acceptable,
Very Low Temperature Refrigeration Systems,HFC-23,,R/N,0,"14,800",A1,"August 26, 1994",Acceptable,
Very Low Temperature Refrigeration Systems,R-403B,ISCEON 69-L,R/N,0.041,"3,096",A1,"August 26, 1994",Acceptable,
Water Coolers,R-406A,GHG,R,0.057,"1,900",A2,"August 26, 1994",Acceptable,
Water Coolers,R-409A (HCFC Blend Gamma),R-409A (HCFC Blend Gamma),R,0.047,"1,558",A1,"August 26, 1994",Acceptable,
Cold Storage Warehouses,R-401A,SUVA MP-39,N,0.037,"1,182",A1,"January 13, 1995",Acceptable,
Cold Storage Warehouses,R-401B,SUVA MP-66,R/N,0.040,"1,288",A1,"January 13, 1995",Acceptable,
Commerical Ice Machines,R-401A,SUVA MP-39,N,0.037,"1,182",A1,"January 13, 1995",Acceptable,
Commerical Ice Machines,R-401B,SUVA MP-66,N,0.040,"1,288",A1,"January 13, 1995",Acceptable,
Household Refrigerators and Freezers,R-401A,SUVA MP-39,N,0.037,"1,182",A1,"January 13, 1995",Acceptable,
Household Refrigerators and Freezers,R-401B,SUVA MP-66,N,0.040,"1,288",A1,"January 13, 1995",Acceptable,
Industrial Process Air Conditioning,HCFC-22,22,N,0.055,"1,810",A1,"January 13, 1995",Acceptable,EPA recommends that HCFC-22 only be used where ambient temperatures are lower than 115°F because of very high system pressures.
Industrial Process Air Conditioning,R-401A,SUVA MP-39,R,0.037,"1,182",A1,"January 13, 1995",Acceptable,
Industrial Process Air Conditioning,R-401B,SUVA MP-66,R,0.040,"1,288",A1,"January 13, 1995",Acceptable,
Industrial Process Refrigeration,R-401A,SUVA MP-39,N,0.037,"1,182",A1,"January 13, 1995",Acceptable,
Industrial Process Refrigeration,R-401B,SUVA MP-66,N,0.040,"1,288",A1,"January 13, 1995",Acceptable,
Positive Displacement Chillers,R-401A,SUVA MP-39,R/N,0.037,"1,182",A1,"January 13, 1995",Acceptable,Originally listed under reciprocating chillers only. 
Positive Displacement Chillers,R-401B,SUVA MP-66,R/N,0.040,"1,288",A1,"January 13, 1995",Acceptable,Originally listed under reciprocating chillers only. 
Refrigerated Food Processing and Dispensing Equipment,R-401A,SUVA MP-39,N,0.037,"1,182",A1,"January 13, 1995",Acceptable,
Refrigerated Food Processing and Dispensing Equipment,R-401B,SUVA MP-66,N,0.040,"1,288",A1,"January 13, 1995",Acceptable,
Refrigerated Transport,R-401A,SUVA MP-39,N,0.037,"1,182",A1,"January 13, 1995",Acceptable,
Refrigerated Transport,R-401B,SUVA MP-66,N,0.040,"1,288",A1,"January 13, 1995",Acceptable,
Remote Condensing Units,R-401A,SUVA MP-39,N,0.037,"1,182",A1,"January 13, 1995",Acceptable,
Remote Condensing Units,R-401B,SUVA MP-66,N,0.040,"1,288",A1,"January 13, 1995",Acceptable,
Residential Dehumidifiers,R-401A,SUVA MP-39,N,0.037,"1,182",A1,"January 13, 1995",Acceptable,
Residential Dehumidifiers,R-401B,SUVA MP-66,N,0.040,"1,288",A1,"January 13, 1995",Acceptable,
Stand-Alone Equipment,R-401A,SUVA MP-39,N,0.037,"1,182",A1,"January 13, 1995",Acceptable,
Stand-Alone Equipment,R-401B,SUVA MP-66,N,0.040,"1,288",A1,"January 13, 1995",Acceptable,
Supermarket Systems,R-401A,SUVA MP-39,N,0.037,"1,182",A1,"January 13, 1995",Acceptable,
Supermarket Systems,R-401B,SUVA MP-66,N,0.040,"1,288",A1,"January 13, 1995",Acceptable,
Vending Machines,R-401A,SUVA MP-39,N,0.037,"1,182",A1,"January 13, 1995",Acceptable,
Vending Machines,R-401B,SUVA MP-66,N,0.040,"1,288",A1,"January 13, 1995",Acceptable,
Water Coolers,R-401A,SUVA MP-39,N,0.037,"1,182",A1,"January 13, 1995",Acceptable,
Water Coolers,R-401B,SUVA MP-66,N,0.040,"1,288",A1,"January 13, 1995",Acceptable,
"Passenger Air Conditioning in Light-Duty, Medium-Duty, Heavy-Duty and Off-Road Vehicles",R-401C,,R/N,0,933,A1,"June 13, 1995",Acceptable,
Industrial Process Refrigeration,R-508A (PFC Blend Alpha),Klea 5R3,R/N,0,"13,214",A1,"July 28, 1995",Acceptable,
Industrial Process Refrigeration,R-508B,Suva 95,R/N,0,"13,396",A1,"July 28, 1995",Acceptable,
Non-Mechanical Heat Transfer Systems,Mineral Oil,,R/N,0,0,N/A,"July 28, 1995",Acceptable,
Very Low Temperature Refrigeration Systems,R-508A (PFC Blend Alpha),Klea 5R3,R/N,0,"13,214",A1,"July 28, 1995",Acceptable,
Very Low Temperature Refrigeration Systems,R-508B,Suva 95,R/N,0,"13,396",A1,"July 28, 1995",Acceptable,
Cold Storage Warehouses,GHG-HP (HCFC Blend Lambda),GHG-HP,R/N,0.056,"1,893",A1,"February 8, 1996",Acceptable,
Cold Storage Warehouses,R-411A,,R/N,0.048,"1,600",A2,"February 8, 1996",Acceptable,
Cold Storage Warehouses,R-411B,,R/N,0.052,"1,700",A2,"February 8, 1996",Acceptable,
Commerical Ice Machines,GHG-HP (HCFC Blend Lambda),GHG-HP,R/N,0.056,"1,893",A1,"February 8, 1996",Acceptable,
Commerical Ice Machines,R-410B,,N,0,"2,230",A1,"February 8, 1996",Acceptable,
Commerical Ice Machines,R-411A,,R/N,0.048,"1,600",A2,"February 8, 1996",Acceptable,
Commerical Ice Machines,R-411B,,R/N,0.052,"1,700",A2,"February 8, 1996",Acceptable,
Household Refrigerators and Freezers,FRIGC FR-12 (HCFC Blend Beta),FRIGC FR-12,R/N,0.009,"1,081",A1,"February 8, 1996",Acceptable,
Household Refrigerators and Freezers,GHG-HP (HCFC Blend Lambda),GHG-HP,R/N,0.056,"1,893",A1,"February 8, 1996",Acceptable,
Industrial Process Air Conditioning,R-410B,,N,0,"2,230",A1,"February 8, 1996",Acceptable,
Industrial Process Refrigeration,GHG-HP (HCFC Blend Lambda),GHG-HP,R/N,0.056,"1,893",A1,"February 8, 1996",Acceptable,
Industrial Process Refrigeration,R-411A,,R/N,0.048,"1,600",A2,"February 8, 1996",Acceptable,
Industrial Process Refrigeration,R-411B,,R/N,0.052,"1,700",A2,"February 8, 1996",Acceptable,
Positive Displacement Chillers,GHG-HP (HCFC Blend Lambda),GHG-HP,R/N,0.056,"1,893",A1,"February 8, 1996",Acceptable,Originally listed under reciprocating chillers only. 
Positive Displacement Chillers,R-411A,,R/N,0.048,"1,600",A2,"February 8, 1996",Acceptable,Originally listed under reciprocating chillers only. 
Positive Displacement Chillers,R-411B,,R/N,0.052,"1,700",A2,"February 8, 1996",Acceptable,Originally listed under reciprocating chillers only. 
Refrigerated Food Processing and Dispensing Equipment,GHG-HP (HCFC Blend Lambda),GHG-HP,R/N,0.056,"1,893",A1,"February 8, 1996",Acceptable,
Refrigerated Food Processing and Dispensing Equipment,R-411A,,R/N,0.048,"1,600",A2,"February 8, 1996",Acceptable,
Refrigerated Food Processing and Dispensing Equipment,R-411B,,R/N,0.052,"1,700",A2,"February 8, 1996",Acceptable,
Refrigerated Transport,GHG-HP (HCFC Blend Lambda),GHG-HP,R/N,0.056,"1,893",A1,"February 8, 1996",Acceptable,
Refrigerated Transport,R-410B,,N,0,"2,230",A1,"February 8, 1996",Acceptable,
Refrigerated Transport,R-411A,,R/N,0.048,"1,600",A2,"February 8, 1996",Acceptable,
Refrigerated Transport,R-411B,,R/N,0.052,"1,700",A2,"February 8, 1996",Acceptable,
Remote Condensing Units,GHG-HP (HCFC Blend Lambda),GHG-HP,R/N,0.056,"1,893",A1,"February 8, 1996",Acceptable,
Remote Condensing Units,R-411A,,R/N,0.048,"1,600",A2,"February 8, 1996",Acceptable,
Remote Condensing Units,R-411B,,R/N,0.052,"1,700",A2,"February 8, 1996",Acceptable,
Residential and Light Commercial Air Conditioning and Heat Pumps ,R-410B,,N,0,"2,230",A1,"February 8, 1996",Acceptable,
Residential Dehumidifiers,GHG-HP (HCFC Blend Lambda),GHG-HP,R/N,0.056,"1,893",A1,"February 8, 1996",Acceptable,
Residential Dehumidifiers,R-410B,,N,0,"2,230",A1,"February 8, 1996",Acceptable,
Stand-Alone Equipment,GHG-HP (HCFC Blend Lambda),GHG-HP,R/N,0.056,"1,893",A1,"February 8, 1996",Acceptable,
Stand-Alone Equipment,R-411A,,R/N,0.048,"1,600",A2,"February 8, 1996",Acceptable,
Stand-Alone Equipment,R-411B,,R/N,0.052,"1,700",A2,"February 8, 1996",Acceptable,
Supermarket Systems,GHG-HP (HCFC Blend Lambda),GHG-HP,R/N,0.056,"1,893",A1,"February 8, 1996",Acceptable,
Supermarket Systems,R-411A,,R/N,0.048,"1,600",A2,"February 8, 1996",Acceptable,
Supermarket Systems,R-411B,,R/N,0.052,"1,700",A2,"February 8, 1996",Acceptable,
Vending Machines,GHG-HP (HCFC Blend Lambda),GHG-HP,R/N,0.056,"1,893",A1,"February 8, 1996",Acceptable,
Vending Machines,R-411A,,R/N,0.048,"1,600",A2,"February 8, 1996",Acceptable,
Vending Machines,R-411B,,R/N,0.052,"1,700",A2,"February 8, 1996",Acceptable,
Very Low Temperature Refrigeration Systems,R-410B,,N,0,"2,230",A1,"February 8, 1996",Acceptable,
Water Coolers,GHG-HP (HCFC Blend Lambda),GHG-HP,R/N,0.056,"1,893",A1,"February 8, 1996",Acceptable,
Water Coolers,R-410B,,N,0,"2,230",A1,"February 8, 1996",Acceptable,
Water Coolers,R-411A,,R/N,0.048,"1,600",A2,"February 8, 1996",Acceptable,
Water Coolers,R-411B,,R/N,0.052,"1,700",A2,"February 8, 1996",Acceptable,
"Passenger Air Conditioning in Light-Duty, Medium-Duty, Heavy-Duty and Off-Road Vehicles",Ikon A,"Ikon-12, Blend Zeta",R/N,0,N/A,A1,"May 22, 1996",Acceptable with Use Conditions: See rule for detailed conditions.,
Centrifugal Chillers,FOR12A,FOR12A,R/N,0,"1,100",A1,"December 18, 2000; December 1, 2016","Unacceptable in new equipment, except as otherwise allowed under a narrowed use limit, as of January 1, 2024.",
Centrifugal Chillers,FOR12B,FOR12B,R/N,0,"1,000",A1,"December 18, 2000; December 1, 2016","Unacceptable in new equipment, except as otherwise allowed under a narrowed use limit, as of January 1, 2024.",
Centrifugal Chillers,Free Zone (HCFC Blend Delta),Free Zone/ RB-276,R/N,0.013,"1,592",A1,"September 5, 1996",Acceptable,
Centrifugal Chillers,Freeze 12,Freeze 12,R/N,0.013,"1,606",A1,"September 5, 1996",Acceptable,
Centrifugal Chillers,FRIGC FR-12 (HCFC Blend Beta),FRIGC FR-12,R/N,0.009,"1,081",A1,"February 24, 1998",Acceptable,
Cold Storage Warehouses,Ammonia Absorption,,N,0,0,B2,"September 5, 1996",Acceptable,
Cold Storage Warehouses,Free Zone (HCFC Blend Delta),Free Zone/ RB-276,R/N,0.013,"1,592",A1,"September 5, 1996",Acceptable,
Cold Storage Warehouses,Freeze 12,Freeze 12,R/N,0.013,"1,606",A1,"September 5, 1996",Acceptable,
Cold Storage Warehouses,G2018C,G2018C,R/N,0.053,"1,731",A1,"September 5, 1996",Acceptable,
Cold Storage Warehouses,GHG-X4,"GHG-X4, Autofrost, Chill-it",R/N,0.045,"1,478",A1,"September 5, 1996",Acceptable,
Cold Storage Warehouses,Hot Shot,"Hot Shot, Kar Kool",R/N,0.098,"3,337",A1,"September 5, 1996",Acceptable,
Commerical Ice Machines,Ammonia Absorption,,N,0,0,B2,"September 5, 1996",Acceptable,
Commerical Ice Machines,Free Zone (HCFC Blend Delta),Free Zone/ RB-276,R/N,0.013,"1,592",A1,"September 5, 1996",Acceptable,
Commerical Ice Machines,Freeze 12,Freeze 12,R/N,0.013,"1,606",A1,"September 5, 1996",Acceptable,
Commerical Ice Machines,G2018C,G2018C,R/N,0.053,"1,731",A1,"September 5, 1996",Acceptable,
Commerical Ice Machines,GHG-X4,"GHG-X4, Autofrost, Chill-it",R/N,0.045,"1,478",A1,"September 5, 1996",Acceptable,
Commerical Ice Machines,Hot Shot,"Hot Shot, Kar Kool",R/N,0.098,"3,337",A1,"September 5, 1996",Acceptable,
Household Refrigerators and Freezers,Free Zone (HCFC Blend Delta),Free Zone / RB-276,R/N,0.013,"1,592",A1,"September 5, 1996",Acceptable,
Household Refrigerators and Freezers,Freeze 12,Freeze 12,R/N,0.013,"1,606",A1,"September 5, 1996",Acceptable,
Household Refrigerators and Freezers,GHG-X4,"GHG-X4, Autofrost, Chill-it",R/N,0.045,"1,478",A1,"September 5, 1996",Acceptable,
Household Refrigerators and Freezers,Hot Shot,"Hot Shot, Kar Kool",R/N,0.098,"3,337",A1,"September 5, 1996",Acceptable,
Ice Skating Rinks,Free Zone (HCFC Blend Delta),Free Zone/ RB-276,R/N,0.013,"1,592",A1,"September 5, 1996",Acceptable,
Ice Skating Rinks,Freeze 12,Freeze 12,R/N,0.013,"1,606",A1,"September 5, 1996",Acceptable,
Ice Skating Rinks,G2018C,G2018C,R/N,0.053,"1,731",A1,"September 5, 1996",Acceptable,
Ice Skating Rinks,GHG-X4,"GHG-X4, Autofrost, Chill-it",R/N,0.045,"1,478",A1,"September 5, 1996",Acceptable,
Ice Skating Rinks,Hot Shot,"Hot Shot, Kar Kool",R/N,0.098,"3,337",A1,"September 5, 1996",Acceptable,
Industrial Process Air Conditioning,Ammonia Absorption,,N,0,0,B2,"September 5, 1996",Acceptable,
Industrial Process Air Conditioning,Ammonia Vapor Compression,,N,0,0,B2,"September 5, 1996",Acceptable,
Industrial Process Air Conditioning,Evaporative Cooling,,N,0,N/A,N/A,"September 5, 1996",Acceptable,
Industrial Process Refrigeration,Free Zone (HCFC Blend Delta),Free Zone/ RB-276,R/N,0.013,"1,592",A1,"September 5, 1996",Acceptable,
Industrial Process Refrigeration,Freeze 12,Freeze 12,R/N,0.013,"1,606",A1,"September 5, 1996",Acceptable,
Industrial Process Refrigeration,G2018C,G2018C,R/N,0.053,"1,731",A1,"September 5, 1996",Acceptable,
Industrial Process Refrigeration,GHG-X4,"GHG-X4, Autofrost, Chill-it",R/N,0.045,"1,478",A1,"September 5, 1996",Acceptable,
Industrial Process Refrigeration,Hot Shot,"Hot Shot, Kar Kool",R/N,0.098,"3,337",A1,"September 5, 1996",Acceptable,
Industrial Process Refrigeration,NARM-502,,R/N,>0,N/A,A1,"September 5, 1996",Acceptable,
Passenger Air Conditioning in Buses and Trains,Free Zone (HCFC Blend Delta),Free Zone/ RB-276,R/N,0.013,"1,592",A1,"September 5, 1996",Acceptable,
Passenger Air Conditioning in Buses and Trains,Freeze 12,Freeze 12,R/N,0.013,"1,606",A1,"September 5, 1996",Acceptable,
Passenger Air Conditioning in Buses and Trains,GHG-X4,"GHG-X4, Autofrost, Chill-it",R/N,0.045,"1,478",A1,"September 5, 1996",Acceptable,
Passenger Air Conditioning in Buses and Trains,Hot Shot,"Hot Shot, Kar Kool",R/N,0.098,"3,337",A1,"September 5, 1996",Acceptable,
Passenger Air Conditioning in Buses and Trains,R-401C,,R/N,0,933,A1,"September 5, 1996",Acceptable,
Positive Displacement Chillers,Free Zone (HCFC Blend Delta),Free Zone/ RB-276,R/N,0.013,"1,592",A1,"September 5, 1996",Acceptable,Originally listed under reciprocating chillers only. 
Positive Displacement Chillers,Freeze 12,Freeze 12,R/N,0.013,"1,606",A1,"September 5, 1996",Acceptable,Originally listed under reciprocating chillers only. 
Positive Displacement Chillers,G2018C,G2018C,R/N,0.053,"1,731",A1,"September 5, 1996",Acceptable,Originally listed under reciprocating chillers only. 
Positive Displacement Chillers,GHG-X4,"GHG-X4, Autofrost, Chill-it",R/N,0.045,"1,478",A1,"September 5, 1996",Acceptable,Originally listed under reciprocating chillers only. 
Positive Displacement Chillers,Hot Shot,"Hot Shot, Kar Kool",R/N,0.098,"3,337",A1,"September 5, 1996",Acceptable,Originally listed under reciprocating chillers only. 
Refrigerated Food Processing and Dispensing Equipment,Free Zone (HCFC Blend Delta),Free Zone / RB-276,R/N,0.013,"1,592",A1,"September 5, 1996",Acceptable,
Refrigerated Food Processing and Dispensing Equipment,Freeze 12,Freeze 12,R/N,0.013,"1,606",A1,"September 5, 1996",Acceptable,
Refrigerated Food Processing and Dispensing Equipment,GHG-X4,"GHG-X4, Autofrost, Chill-it",R/N,0.045,"1,478",A1,"September 5, 1996",Acceptable,
Refrigerated Transport,Free Zone (HCFC Blend Delta),Free Zone/ RB-276,R/N,0.013,"1,592",A1,"September 5, 1996",Acceptable,
Refrigerated Transport,Freeze 12,Freeze 12,R/N,0.013,"1,606",A1,"September 5, 1996",Acceptable,
Refrigerated Transport,G2018C,G2018C,R/N,0.053,"1,731",A1,"September 5, 1996",Acceptable,
Refrigerated Transport,GHG-X4,"GHG-X4, Autofrost, Chill-it",R/N,0.045,"1,478",A1,"September 5, 1996",Acceptable,
Refrigerated Transport,Hot Shot,"Hot Shot, Kar Kool",R/N,0.098,"3,337",A1,"September 5, 1996",Acceptable,
Remote Condensing Units,Free Zone (HCFC Blend Delta),Free Zone / RB-276,R/N,0.013,"1,592",A1,"September 5, 1996",Acceptable,
Remote Condensing Units,Freeze 12,Freeze 12,R/N,0.013,"1,606",A1,"September 5, 1996",Acceptable,
Remote Condensing Units,G2018C,G2018C,R/N,0.053,"1,731",A1,"September 5, 1996",Acceptable,
Remote Condensing Units,GHG-X4,"GHG-X4, Autofrost, Chill-it",R/N,0.045,"1,478",A1,"September 5, 1996",Acceptable,
Remote Condensing Units,Hot Shot,"Hot Shot, Kar Kool",R/N,0.098,"3,337",A1,"September 5, 1996",Acceptable,
Residential and Light Commercial Air Conditioning and Heat Pumps ,Ammonia Absorption,,N,0,0,B2,"September 5, 1996",Acceptable,
Residential and Light Commercial Air Conditioning and Heat Pumps ,Evaporative Cooling,,N,0,N/A,N/A,"September 5, 1996",Acceptable,
Residential Dehumidifiers,Free Zone (HCFC Blend Delta),Free Zone/ RB-276,R/N,0.013,"1,592",A1,"September 5, 1996",Acceptable,
Residential Dehumidifiers,Freeze 12,Freeze 12,R/N,0.013,"1,606",A1,"September 5, 1996",Acceptable,
Residential Dehumidifiers,GHG-X4,"GHG-X4, Autofrost, Chill-it",R/N,0.045,"1,478",A1,"September 5, 1996",Acceptable,
Residential Dehumidifiers,Hot Shot,"Hot Shot, Kar Kool",R/N,0.098,"3,337",A1,"September 5, 1996",Acceptable,
Stand-Alone Equipment,Free Zone (HCFC Blend Delta),Free Zone / RB-276,R/N,0.013,"1,592",A1,"September 5, 1996",Acceptable,
Stand-Alone Equipment,Freeze 12,Freeze 12,R/N,0.013,"1,606",A1,"September 5, 1996",Acceptable,
Stand-Alone Equipment,G2018C,G2018C,R/N,0.053,"1,731",A1,"September 5, 1996",Acceptable,
Stand-Alone Equipment,GHG-X4,"GHG-X4, Autofrost, Chill-it",R/N,0.045,"1,478",A1,"September 5, 1996",Acceptable,
Stand-Alone Equipment,Hot Shot,"Hot Shot, Kar Kool",R/N,0.098,"3,337",A1,"September 5, 1996",Acceptable,
Supermarket Systems,Free Zone (HCFC Blend Delta),Free Zone / RB-276,R/N,0.013,"1,592",A1,"September 5, 1996",Acceptable,
Supermarket Systems,Freeze 12,Freeze 12,R/N,0.013,"1,606",A1,"September 5, 1996",Acceptable,
Supermarket Systems,G2018C,G2018C,R/N,0.053,"1,731",A1,"September 5, 1996",Acceptable,
Supermarket Systems,G2018C,G2018C,R/N,0.053,"1,731",A1,"September 5, 1996",Acceptable,
Supermarket Systems,GHG-X4,"GHG-X4, Autofrost, Chill-it",R/N,0.045,"1,478",A1,"September 5, 1996",Acceptable,
Supermarket Systems,Hot Shot,"Hot Shot, Kar Kool",R/N,0.098,"3,337",A1,"September 5, 1996",Acceptable,
Supermarket Systems,Hot Shot,"Hot Shot, Kar Kool",R/N,0.098,"3,337",A1,"September 5, 1996",Acceptable,
Vending Machines,Free Zone (HCFC Blend Delta),Free Zone/ RB-276,R/N,0.013,"1,592",A1,"September 5, 1996",Acceptable,
Vending Machines,Freeze 12,Freeze 12,R/N,0.013,"1,606",A1,"September 5, 1996",Acceptable,
Vending Machines,G2018C,G2018C,R/N,0.053,"1,731",A1,"September 5, 1996",Acceptable,
Vending Machines,GHG-X4,"GHG-X4, Autofrost, Chill-it",R/N,0.045,"1,478",A1,"September 5, 1996",Acceptable,
Vending Machines,Hot Shot,"Hot Shot, Kar Kool",R/N,0.098,"3,337",A1,"September 5, 1996",Acceptable,
Very Low Temperature Refrigeration Systems,NARM-502,,R/N,>0,N/A,A1,"September 5, 1996",Acceptable,
Water Coolers,Free Zone (HCFC Blend Delta),Free Zone/ RB-276,R/N,0.013,"1,592",A1,"September 5, 1996",Acceptable,
Water Coolers,Freeze 12,Freeze 12,R/N,0.013,"1,606",A1,"September 5, 1996",Acceptable,
Water Coolers,G2018C,G2018C,R/N,0.053,"1,731",A1,"September 5, 1996",Acceptable,
Water Coolers,GHG-X4,"GHG-X4, Autofrost, Chill-it",R/N,0.045,"1,478",A1,"September 5, 1996",Acceptable,
Water Coolers,Hot Shot,"Hot Shot, Kar Kool",R/N,0.098,"3,337",A1,"September 5, 1996",Acceptable,
Industrial Process Refrigeration,HFC-236fa,,R/N,0,"9,810",A1,"March 10, 1997",Acceptable,
Centrifugal Chillers,G2018C,G2018C,R/N,0.053,"1,731",A1,"September 5, 1996",Acceptable,
Centrifugal Chillers,GHG-X4,"GHG-X4, Autofrost, Chill-it",R/N,0.045,"1,478",A1,"September 5, 1996",Acceptable,
Cold Storage Warehouses,GHG-X5,GHG-X5,R/N,0.032,"2,377",A1,"June 3, 1997",Acceptable,
Cold Storage Warehouses,HCFC-22/HCFC-142b,,R/N,0.055-0.065,"1,810-2,310",A1,"June 3, 1997",Acceptable,
Commerical Ice Machines,GHG-X5,GHG-X5,R/N,0.032,"2,377",A1,"June 3, 1997",Acceptable,
Commerical Ice Machines,HCFC-22/HCFC-142b,,R/N,0.055-0.065,"1,810-2,310",A1,"June 3, 1997",Acceptable,
Household Refrigerators and Freezers,GHG-X5,GHG-X5,R/N,0.032,"2,377",A1,"June 3, 1997",Acceptable,
Household Refrigerators and Freezers,HCFC-22/HCFC-142b,,R/N,0.055-0.065,"1,810-2,310",A1,"June 3, 1997",Acceptable,
Industrial Process Refrigeration,GHG-X5,GHG-X5,R/N,0.032,"2,377",A1,"June 3, 1997",Acceptable,
Industrial Process Refrigeration,HCFC-22/HCFC-142b,,R/N,0.055-0.065,"1,810-2,310",A1,"June 3, 1997",Acceptable,
Positive Displacement Chillers,GHG-X5,GHG-X5,R/N,0.032,"2,377",A1,"June 3, 1997",Acceptable,Originally listed under reciprocating chillers only. 
Positive Displacement Chillers,HCFC-22/HCFC-142b,,R/N,0.055-0.065,"1,810-2,310",A1,"June 3, 1997",Acceptable,Originally listed under reciprocating chillers only. 
Refrigerated Food Processing and Dispensing Equipment,GHG-X5,GHG-X5,R/N,0.032,"2,377",A1,"June 3, 1997",Acceptable,
Refrigerated Food Processing and Dispensing Equipment,HCFC-22/HCFC-142b,,R/N,0.055-0.065,"1,810-2,310",A1,"June 3, 1997",Acceptable,
Refrigerated Transport,GHG-X5,GHG-X5,R/N,0.032,"2,377",A1,"June 3, 1997",Acceptable,
Refrigerated Transport,HCFC-22/HCFC-142b,,R/N,0.055-0.065,"1,810-2,310",A1,"June 3, 1997",Acceptable,
Remote Condensing Units,GHG-X5,GHG-X5,R/N,0.032,"2,377",A1,"June 3, 1997",Acceptable,
Remote Condensing Units,HCFC-22/HCFC-142b,,R/N,0.055-0.065,"1,810-2,310",A1,"June 3, 1997",Acceptable,
Residential Dehumidifiers,GHG-X5,GHG-X5,R/N,0.032,"2,377",A1,"June 3, 1997",Acceptable,
Residential Dehumidifiers,HCFC-22/HCFC-142b,,R/N,0.055-0.065,"1,810-2,310",A1,"June 3, 1997",Acceptable,
Stand-Alone Equipment,GHG-X5,GHG-X5,R/N,0.032,"2,377",A1,"June 3, 1997",Acceptable,
Stand-Alone Equipment,HCFC-22/HCFC-142b,,R/N,0.055-0.065,"1,810-2,310",A1,"June 3, 1997",Acceptable,
Supermarket Systems,GHG-X5,GHG-X5,R/N,0.032,"2,377",A1,"June 3, 1997",Acceptable,
Supermarket Systems,HCFC-22/HCFC-142b,,R/N,0.055-0.065,"1,810-2,310",A1,"June 3, 1997",Acceptable,
Vending Machines,GHG-X5,GHG-X5,R/N,0.032,"2,377",A1,"June 3, 1997",Acceptable,
Vending Machines,HCFC-22/HCFC-142b,,R/N,0.055-0.065,"1,810-2,310",A1,"June 3, 1997",Acceptable,
Water Coolers,GHG-X5,GHG-X5,R/N,0.032,"2,377",A1,"June 3, 1997",Acceptable,
Water Coolers,HCFC-22/HCFC-142b,,R/N,0.055-0.065,"1,810-2,310",A1,"June 3, 1997",Acceptable,
Centrifugal Chillers,GHG-X5,GHG-X5,R/N,0.032,"2,377",A1,"June 3, 1997",Acceptable,
Cold Storage Warehouses,Self-chilling cans using CO2,,N,0,1,A1,"February 24, 1998",Acceptable,
Household Refrigerators and Freezers,Self-chilling cans using CO2,,N,0,1,A1,"February 24, 1998",Acceptable,
Household Refrigerators and Freezers,THR-01,,N,>0,N/A,A2,"February 24, 1998",Acceptable,
Non-Mechanical Heat Transfer Systems,Galden Fluids,,R,0,N/A,A1,"February 24, 1998",Acceptable,
Refrigerated Transport,FRIGC FR-12 (HCFC Blend Beta),FRIGC FR-12,R/N,0.009,"1,081",A1,"February 24, 1998",Acceptable,
Refrigerated Transport,Self-chilling cans using CO2,,N,0,1,A1,"February 24, 1998",Acceptable,
Remote Condensing Units,Self-chilling cans using CO2,,N,0,1,A1,"February 24, 1998",Acceptable,
Stand-Alone Equipment,Self-chilling cans using CO2,,N,0,1,A1,"February 24, 1998",Acceptable,
Supermarket Systems,Self-chilling cans using CO2,,N,0,1,A1,"February 24, 1998",Acceptable,
Supermarket Systems,Self-chilling cans using CO2,,N,0,1,A1,"February 24, 1998",Acceptable,
Vending Machines,Self-chilling cans using CO2,,N,0,1,A1,"February 24, 1998",Acceptable,
Cold Storage Warehouses,THR-04,,R/N,>0,N/A,A1,"June 8, 1999",Acceptable,
Commerical Ice Machines,THR-04,,R/N,>0,N/A,A1,"June 8, 1999",Acceptable,
Household Refrigerators and Freezers,THR-04,,R/N,>0,N/A,A1,"June 8, 1999",Acceptable,
Ice Skating Rinks,THR-04,,R/N,>0,N/A,A1,"June 8, 1999",Acceptable,
Industrial Process Refrigeration,THR-04,,R/N,>0,N/A,A1,"June 8, 1999",Acceptable,
Non-Mechanical Heat Transfer Systems,HFC-236fa,,R/N,0,"9,810",A1,"June 8, 1999",Acceptable with Use Conditions: When manufactured using any process that does not convert perfluoroisobutylene (PFIB) directly to HFC-236fa in a single step.,
Refrigerated Food Processing and Dispensing Equipment,THR-04,,R/N,>0,N/A,A1,"June 8, 1999",Acceptable,
Refrigerated Transport,THR-04,,R/N,>0,N/A,A1,"June 8, 1999",Acceptable,
Remote Condensing Units,THR-04,,R/N,>0,N/A,A1,"June 8, 1999",Acceptable,
Stand-Alone Equipment,THR-04,,R/N,>0,N/A,A1,"June 8, 1999",Acceptable,
Supermarket Systems,THR-04,,R/N,>0,N/A,A1,"June 8, 1999",Acceptable,
Vending Machines,THR-04,,R/N,>0,N/A,A1,"June 8, 1999",Acceptable,
Water Coolers,THR-04,,R/N,>0,N/A,A1,"June 8, 1999",Acceptable,
Centrifugal Chillers,HCFC-123,,R/N,0.02,77,B1,"March 18, 1994",Acceptable,
Centrifugal Chillers,HCFC-124,,R/N,0.022,609,A1,"March 18, 1994",Acceptable,
Cold Storage Warehouses,Ikon B,,R/N,0,N/A,A1,"December 6, 1999",Acceptable,
Cold Storage Warehouses,THR-02,,R/N,0,N/A,A1,"December 6, 1999",Acceptable,
Cold Storage Warehouses,THR-03,,R/N,0,N/A,A1,"December 6, 1999",Acceptable,
Commerical Ice Machines,Ikon B,,R/N,0,N/A,A1,"December 6, 1999",Acceptable,
Commerical Ice Machines,THR-02,,R/N,0,N/A,A1,"December 6, 1999",Acceptable,
Commerical Ice Machines,THR-03,,R/N,0,N/A,A1,"December 6, 1999",Acceptable,
Household Refrigerators and Freezers,THR-02,,N,0,N/A,A1,"December 6, 1999",Acceptable,
Ice Skating Rinks,THR-03,,R/N,0,N/A,A1,"December 6, 1999",Acceptable,
Industrial Process Air Conditioning,Ikon B,,R/N,0,N/A,A1,"December 6, 1999",Acceptable,
Industrial Process Air Conditioning,THR-02,,R/N,0,N/A,A1,"December 6, 1999",Acceptable,
Industrial Process Air Conditioning,THR-03,,R/N,0,N/A,A1,"December 6, 1999",Acceptable,
Industrial Process Refrigeration,Ikon B,,R/N,0,N/A,A1,"December 6, 1999",Acceptable,
Industrial Process Refrigeration,THR-02,,R/N,0,N/A,A1,"December 6, 1999",Acceptable,
Industrial Process Refrigeration,THR-03,,R/N,0,N/A,A1,"December 6, 1999",Acceptable,
Positive Displacement Chillers,Ikon B,,R/N,0,N/A,A1,"December 6, 1999",Acceptable,Originally listed under reciprocating chillers only. 
Positive Displacement Chillers,THR-02,,R/N,0,N/A,A1,"December 6, 1999",Acceptable,Originally listed under reciprocating chillers only. 
Refrigerated Food Processing and Dispensing Equipment,Ikon B,,R/N,0,N/A,A1,"December 6, 1999",Acceptable,
Refrigerated Food Processing and Dispensing Equipment,THR-02,,R/N,0,N/A,A1,"December 6, 1999",Acceptable,
Refrigerated Food Processing and Dispensing Equipment,THR-03,,R/N,0,N/A,A1,"December 6, 1999",Acceptable,
Refrigerated Transport,Ikon B,,R/N,0,N/A,A1,"December 6, 1999",Acceptable,
Refrigerated Transport,THR-02,,R/N,0,N/A,A1,"December 6, 1999",Acceptable,
Refrigerated Transport,THR-03,,R/N,0,N/A,A1,"December 6, 1999",Acceptable,
Remote Condensing Units,Ikon B,,R/N,0,N/A,A1,"December 6, 1999",Acceptable,
Remote Condensing Units,THR-02,,R/N,0,N/A,A1,"December 6, 1999",Acceptable,
Remote Condensing Units,THR-03,,R/N,0,N/A,A1,"December 6, 1999",Acceptable,
Residential and Light Commercial Air Conditioning and Heat Pumps ,THR-03,,R/N,0,N/A,A1,"December 6, 1999",Acceptable with Use Conditions: For use in residential window unit air conditioning.,
Residential Dehumidifiers,Ikon B,,R/N,0,N/A,A1,"December 6, 1999",Acceptable,
Stand-Alone Equipment,Ikon B,,R/N,0,N/A,A1,"December 6, 1999",Acceptable,
Stand-Alone Equipment,THR-02,,R/N,0,N/A,A1,"December 6, 1999",Acceptable,
Supermarket Systems,Ikon B,,R/N,0,N/A,A1,"December 6, 1999",Acceptable,
Supermarket Systems,THR-02,,R/N,0,N/A,A1,"December 6, 1999",Acceptable,
Supermarket Systems,THR-03,,R/N,0,N/A,A1,"December 6, 1999",Acceptable,
Vending Machines,Ikon B,,R/N,0,N/A,A1,"December 6, 1999",Acceptable,
Vending Machines,THR-02,,R/N,0,N/A,A1,"December 6, 1999",Acceptable,
Water Coolers,Ikon B,,R/N,0,N/A,A1,"December 6, 1999",Acceptable,
Water Coolers,THR-02,,R/N,0,N/A,A1,"December 6, 1999",Acceptable,
Centrifugal Chillers,HCFC-22,22,N,0.055,"1,810",A1,"March 18, 1994",Acceptable,
Cold Storage Warehouses,Ikon A,"Ikon-12, Blend Zeta",N,0,N/A,A1,"June 19, 2000",Acceptable,
Commerical Ice Machines,Ikon A,"Ikon-12, Blend Zeta",N,0,N/A,A1,"June 19, 2000",Acceptable,
Household Refrigerators and Freezers,Ikon A,"Ikon-12, Blend Zeta",N,0,N/A,A1,"June 19, 2000",Acceptable,
Household Refrigerators and Freezers,Ikon B,,N,0,N/A,A1,"June 19, 2000",Acceptable,
Industrial Process Air Conditioning,Ikon A,"Ikon-12, Blend Zeta",N,0,N/A,A1,"June 19, 2000",Acceptable,
Industrial Process Refrigeration,Ikon A,"Ikon-12, Blend Zeta",N,0,N/A,A1,"June 19, 2000",Acceptable,
Non-Mechanical Heat Transfer Systems,HFC-4310mee,,R/N,0,"1,640",A1,"June 19, 2000",Acceptable,
"Passenger Air Conditioning in Light-Duty, Medium-Duty, Heavy-Duty and Off-Road Vehicles","Small auxiliary power units that include an engine, electrical alternator, water pump, air conditioning compressor and a heat exchanger used in tractor trailers in conjunction with passenger compartment climate control systems that already use an acceptable substitute refrigerant.", ,R/N,0,N/A,N/A,"June 19, 2000",Acceptable,
Positive Displacement Chillers,Ikon A,"Ikon-12, Blend Zeta",N,0,N/A,A1,"June 19, 2000",Acceptable,
Refrigerated Food Processing and Dispensing Equipment,Ikon A,"Ikon-12, Blend Zeta",N,0,N/A,A1,"June 19, 2000",Acceptable,
Refrigerated Transport,Ikon A,"Ikon-12, Blend Zeta",N,0,N/A,A1,"June 19, 2000",Acceptable,
Remote Condensing Units,Ikon A,"Ikon-12, Blend Zeta",R/N,0,N/A,A1,"June 19, 2000",Acceptable,
Stand-Alone Equipment,Ikon A,"Ikon-12, Blend Zeta",R/N,0,N/A,A1,"June 19, 2000",Acceptable,
Supermarket Systems,Ikon A,"Ikon-12, Blend Zeta",R/N,0,N/A,A1,"June 19, 2000",Acceptable,
Vending Machines,Ikon A,"Ikon-12, Blend Zeta",R/N,0,N/A,A1,"June 19, 2000",Acceptable,
Water Coolers,Ikon A,"Ikon-12, Blend Zeta",N,0,N/A,A1,"June 19, 2000",Acceptable,
Cold Storage Warehouses,FOR12A,FOR12A,R/N,0,"1,100",A1,"December 18, 2000",Acceptable,
Cold Storage Warehouses,FOR12B,FOR12B,R/N,0,"1,000",A1,"December 18, 2000",Acceptable,
Commerical Ice Machines,FOR12A,FOR12A,R/N,0,"1,100",A1,"December 18, 2000",Acceptable,
Commerical Ice Machines,FOR12B,FOR12B,R/N,0,"1,000",A1,"December 18, 2000",Acceptable,
Industrial Process Air Conditioning,FOR12A,FOR12A,R/N,0,"1,100",A1,"December 18, 2000",Acceptable,
Industrial Process Air Conditioning,FOR12B,FOR12B,R/N,0,"1,000",A1,"December 18, 2000",Acceptable,
Industrial Process Refrigeration,FOR12A,FOR12A,R/N,0,"1,100",A1,"December 18, 2000",Acceptable,
Industrial Process Refrigeration,FOR12B,FOR12B,R/N,0,"1,000",A1,"December 18, 2000",Acceptable,
Industrial Process Refrigeration,SP34E,SP34E,R/N,0,"<1,470",A1,"December 18, 2000",Acceptable,
Refrigerated Food Processing and Dispensing Equipment,FOR12A,FOR12A,R/N,0,"1,100",A1,"December 18, 2000",Acceptable,
Refrigerated Food Processing and Dispensing Equipment,FOR12B,FOR12B,R/N,0,"1,000",A1,"December 18, 2000",Acceptable,
Refrigerated Transport,FOR12A,FOR12A,R/N,0,"1,100",A1,"December 18, 2000",Acceptable,
Refrigerated Transport,FOR12B,FOR12B,R/N,0,"1,000",A1,"December 18, 2000",Acceptable,
Remote Condensing Units,FOR12A,FOR12A,R/N,0,"1,100",A1,"December 18, 2000",Acceptable,
Remote Condensing Units,FOR12B,FOR12B,R/N,0,"1,000",A1,"December 18, 2000",Acceptable,
Supermarket Systems,FOR12A,FOR12A,R/N,0,"1,100",A1,"December 18, 2000",Acceptable,
Supermarket Systems,FOR12B,FOR12B,R/N,0,"1,000",A1,"December 18, 2000",Acceptable,
Water Coolers,FOR12A,FOR12A,R/N,0,"1,100",A1,"December 18, 2000",Acceptable,
Water Coolers,FOR12B,FOR12B,R/N,0,"1,000",A1,"December 18, 2000",Acceptable,
Cold Storage Warehouses,HFC-134a/HBr (92/8),,N,0.0016,N/A,A1,"May 23, 2001",Acceptable: Only acceptable for use as the primary heat transfer fluid in secondary-loop equipment for not-in-kind replacements.,
Industrial Process Refrigeration,HFC-134a/HBr (92/8),,N,0.0016,N/A,A1,"May 23, 2001",Acceptable,
Refrigerated Food Processing and Dispensing Equipment,HFC-134a/HBr (92/8),,N,0.0016,N/A,A1,"May 23, 2001",Acceptable: Only acceptable for use as the primary heat transfer fluid in secondary-loop equipment for not-in-kind replacements.,
Refrigerated Transport,HFC-134a/HBr (92/8),,N,0.0016,N/A,A1,"May 23, 2001",Acceptable,
Remote Condensing Units,HFC-134a/HBr (92/8),,N,0.0016,N/A,A1,"May 23, 2001",Acceptable: Only acceptable for use as the primary heat transfer fluid in secondary-loop equipment for not-in-kind replacements.,
Stand-Alone Equipment,HFC-134a/HBr (92/8),,N,0.0016,N/A,A1,"May 23, 2001",Acceptable: Only acceptable for use as the primary heat transfer fluid in secondary-loop equipment for not-in-kind replacements.,
Supermarket Systems,HFC-134a/HBr (92/8),,N,0.0016,N/A,A1,"May 23, 2001",Acceptable: Only acceptable for use as the primary heat transfer fluid in secondary-loop equipment for not-in-kind replacements.,
Very Low Temperature Refrigeration Systems,"PFC-330ST, PFC-550HC, PFC-660HC, PFC-1100HC, PFC-1100LT, PGC-100, PGC-150, PFC-331ST, PFC-551HC, PFC-661HC, PFC-1101HC, and PGC-151",,R/N,>0,N/A,N/A,"May 23, 2001",Acceptable,
Very Low Temperature Refrigeration Systems,"PFC-1102HC, PFC-662HC, PFC-552HC, and FLC-15",,N,>0,N/A,A1,"March 22, 2002",Acceptable,
Ice Skating Rinks,R-404A,HP-62,R/N,0,"3,920",A1,"December 20, 2002",Acceptable,
Ice Skating Rinks,"R-507, R-507A",AZ-50,R/N,0,"3,990",A1,"December 20, 2002",Acceptable,
Industrial Process Air Conditioning,Hot Shot,"Hot Shot, Kar Kool",R/N,0.098,"3,337",A1,"December 20, 2002",Acceptable,
Industrial Process Air Conditioning,R-404A,HP-62,R/N,0,"3,920",A1,"December 20, 2002",Acceptable,
Non-Mechanical Heat Transfer Systems,R-404A,HP-62,R/N,0,"3,920",A1,"December 20, 2002",Acceptable,
Non-Mechanical Heat Transfer Systems,R-410A,"AZ-20, Suva 9100, Puron",N,0,"2,090",A1,"December 20, 2002",Acceptable,
Non-Mechanical Heat Transfer Systems,"R-507, R-507A",AZ-50,R/N,0,"3,990",A1,"December 20, 2002",Acceptable,
"Passenger Air Conditioning in Light-Duty, Medium-Duty, Heavy-Duty and Off-Road Vehicles",RS-24 (2002 formulation),,R/N,0,"1,510",A1,"December 20, 2002",Acceptable with Use Conditions: See notice for detailed conditions.,
Residential and Light Commercial Air Conditioning and Heat Pumps ,R-404A,HP-62,R/N,0,"3,920",A1,"December 20, 2002",Acceptable,
Residential Dehumidifiers,R-404A,HP-62,R/N,0,"3,920",A1,"December 20, 2002",Acceptable,
Residential Dehumidifiers,"R-507, R-507A",AZ-50,R/N,0,"3,990",A1,"December 20, 2002",Acceptable,
Very Low Temperature Refrigeration Systems,R-404A,HP-62,R/N,0,"3,920",A1,"December 20, 2002",Acceptable,
Water Coolers,R-404A,HP-62,R/N,0,"3,920",A1,"December 20, 2002",Acceptable,
Water Coolers,"R-507, R-507A",AZ-50,R/N,0,"3,990",A1,"December 20, 2002",Acceptable,
Very Low Temperature Refrigeration Systems,ISCEON 89,ISCEON 89,R/N,0,"3,792",A1,"August 21, 2003",Acceptable,
Centrifugal Chillers,HCFC-22/HCFC-142b,,R/N,0.055-0.065,"1,810-2,310",A1,"June 3, 1997",Acceptable,
Cold Storage Warehouses,R-420A,Choice R-420A,R/N,0.008,"1,536",A1,"October 1, 2004",Acceptable,
Commerical Ice Machines,R-420A,Choice R-420A,R/N,0.008,"1,536",A1,"October 1, 2004",Acceptable,
Commerical Ice Machines,R-422A,ISCEON 79,R/N,0,"3,140",A1,"October 1, 2004",Acceptable,
Household Refrigerators and Freezers,R-420A,Choice R-420A,R/N,0.008,"1,536",A1,"October 1, 2004",Acceptable,
Ice Skating Rinks,R-420A,Choice R-420A,R/N,0.008,"1,536",A1,"October 1, 2004",Acceptable,
Ice Skating Rinks,R-422A,ISCEON 79,R/N,0,"3,140",A1,"October 1, 2004",Acceptable,
Industrial Process Air Conditioning,R-420A,Choice R-420A,R/N,0.008,"1,536",A1,"October 1, 2004",Acceptable,
Industrial Process Refrigeration,R-420A,Choice R-420A,R/N,0.008,"1,536",A1,"October 1, 2004",Acceptable,
Industrial Process Refrigeration,R-422A,ISCEON 79,R/N,0,"3,140",A1,"October 1, 2004",Acceptable,
Positive Displacement Chillers,R-420A,Choice R-420A,R/N,0.008,"1,536",A1,"October 1, 2004",Acceptable,Not originally listed under scroll chillers.
Refrigerated Food Processing and Dispensing Equipment,R-420A,Choice R-420A,R/N,0.008,"1,536",A1,"October 1, 2004",Acceptable,
Refrigerated Transport,R-422A,ISCEON 79,R/N,0,"3,140",A1,"October 1, 2004",Acceptable,
Remote Condensing Units,R-420A,Choice R-420A,R/N,0.008,"1,536",A1,"October 1, 2004",Acceptable,
Residential Dehumidifiers,R-420A,Choice R-420A,R/N,0.008,"1,536",A1,"October 1, 2004",Acceptable,
Stand-Alone Equipment,R-420A,Choice R-420A,R/N,0.008,"1,536",A1,"October 1, 2004",Acceptable,
Supermarket Systems,R-420A,Choice R-420A,R/N,0.008,"1,536",A1,"October 1, 2004",Acceptable,
Vending Machines,R-420A,Choice R-420A,R/N,0.008,"1,536",A1,"October 1, 2004",Acceptable,
Water Coolers,R-420A,Choice R-420A,R/N,0.008,"1,536",A1,"October 1, 2004",Acceptable,
Commerical Ice Machines,R-125/R-290/R-134a/R-600a (55.0/1.0/42.5/1.5),ICOR AT-22,R/N,0,"2,530",A1,"March 29, 2006",Acceptable,
Commerical Ice Machines,R-422B,"ICOR XAC1, NU-22B",R/N,0,"2,530",A1,"March 29, 2006",Acceptable,
Commerical Ice Machines,R-422C,ICOR XLT1,R/N,0,"3,390",A1,"March 29, 2006",Acceptable,
Industrial Process Air Conditioning,HFC-245fa,Genetron® 245fa,R/N,0,"1,030",A1,"March 29, 2006",Acceptable,
Industrial Process Air Conditioning,R-125/R-290/R-134a/R-600a (55.0/1.0/42.5/1.5),ICOR AT-22,R/N,0,"2,530",A1,"March 29, 2006",Acceptable,
Industrial Process Air Conditioning,R-422B,"ICOR XAC1, NU-22B",R/N,0,"2,530",A1,"March 29, 2006",Acceptable,
Industrial Process Air Conditioning,R-422C,ICOR XLT1,R/N,0,"3,390",A1,"March 29, 2006",Acceptable,
Industrial Process Refrigeration,HFC-245fa,Genetron® 245fa,R/N,0,"1,030",A1,"March 29, 2006",Acceptable,
Non-Mechanical Heat Transfer Systems,R-125/R-290/R-134a/R-600a (55.0/1.0/42.5/1.5),ICOR AT-22,R/N,0,"2,530",A1,"March 29, 2006",Acceptable,
Non-Mechanical Heat Transfer Systems,R-422B,"ICOR XAC1, NU-22B",R/N,0,"2,530",A1,"March 29, 2006",Acceptable,
Non-Mechanical Heat Transfer Systems,R-422C,ICOR XLT1,R/N,0,"3,390",A1,"March 29, 2006",Acceptable,
Refrigerated Transport,R-125/R-290/R-134a/R-600a (55.0/1.0/42.5/1.5),ICOR AT-22,R/N,0,"2,530",A1,"March 29, 2006",Acceptable,
Refrigerated Transport,R-422B,"ICOR XAC1, NU-22B",R/N,0,"2,530",A1,"March 29, 2006",Acceptable,
Refrigerated Transport,R-422C,ICOR XLT1,R/N,0,"3,390",A1,"March 29, 2006",Acceptable,
Remote Condensing Units,R-422B,"ICOR XAC1, NU-22B",R/N,0,"2,530",A1,"March 29, 2006",Acceptable,
Residential and Light Commercial Air Conditioning and Heat Pumps ,R-125/R-290/R-134a/R-600a (55.0/1.0/42.5/1.5),ICOR AT-22,R/N,0,"2,530",A1,"March 29, 2006",Acceptable,
Residential and Light Commercial Air Conditioning and Heat Pumps ,R-422B,"ICOR XAC1, NU-22B",R/N,0,"2,530",A1,"March 29, 2006",Acceptable,
Residential and Light Commercial Air Conditioning and Heat Pumps ,R-422C,ICOR XLT1,R/N,0,"3,390",A1,"March 29, 2006",Acceptable,
Residential Dehumidifiers,R-125/R-290/R-134a/R-600a (55.0/1.0/42.5/1.5),ICOR AT-22,R/N,0,"2,530",A1,"March 29, 2006",Acceptable,
Residential Dehumidifiers,R-422B,"ICOR XAC1, NU-22B",R/N,0,"2,530",A1,"March 29, 2006",Acceptable,
Residential Dehumidifiers,R-422C,ICOR XLT1,R/N,0,"3,390",A1,"March 29, 2006",Acceptable,
Supermarket Systems,R-422B,"ICOR XAC1, NU-22B",R/N,0,"2,530",A1,"March 29, 2006",Acceptable,
Very Low Temperature Refrigeration Systems,HFC-245fa,Genetron® 245fa,R/N,0,"1,030",A1,"March 29, 2006",Acceptable,
Very Low Temperature Refrigeration Systems,R-125/R-290/R-134a/R-600a (55.0/1.0/42.5/1.5),ICOR AT-22,R/N,0,"2,530",A1,"March 29, 2006",Acceptable,
Very Low Temperature Refrigeration Systems,R-422B,"ICOR XAC1, NU-22B",R/N,0,"2,530",A1,"March 29, 2006",Acceptable,
Very Low Temperature Refrigeration Systems,R-422C,ICOR XLT1,R/N,0,"3,390",A1,"March 29, 2006",Acceptable,
Water Coolers,R-125/R-290/R-134a/R-600a (55.0/1.0/42.5/1.5),ICOR AT-22,R/N,0,"2,530",A1,"March 29, 2006",Acceptable,
Water Coolers,R-422B,"ICOR XAC1, NU-22B",R/N,0,"2,530",A1,"March 29, 2006",Acceptable,
Water Coolers,R-422C,ICOR XLT1,R/N,0,"3,390",A1,"March 29, 2006",Acceptable,
Commerical Ice Machines,R-421A,Choice R-421A,R/N,0,"2,630",A1,"September 28, 2006",Acceptable,
Commerical Ice Machines,R-421B,Choice R-421B,R/N,0,"3,190",A1,"September 28, 2006",Acceptable,
Commerical Ice Machines,R-422D,ISCEON MO29,R/N,0,"2,730",A1,"September 28, 2006",Acceptable,
Commerical Ice Machines,R-424A,RS-44,R/N,0,"2,440",A1,"September 28, 2006",Acceptable,
Industrial Process Air Conditioning,R-421A,Choice R-421A,R/N,0,"2,630",A1,"September 28, 2006",Acceptable,
Industrial Process Air Conditioning,R-422D,ISCEON MO29,R/N,0,"2,730",A1,"September 28, 2006",Acceptable,
Industrial Process Air Conditioning,R-424A,RS-44,R/N,0,"2,440",A1,"September 28, 2006",Acceptable,
Non-Mechanical Heat Transfer Systems,R-422D,ISCEON MO29,R/N,0,"2,730",A1,"September 28, 2006",Acceptable,
Refrigerated Transport,R-421A,Choice R-421A,R/N,0,"2,630",A1,"September 28, 2006",Acceptable,
Refrigerated Transport,R-421B,Choice R-421B,R/N,0,"3,190",A1,"September 28, 2006",Acceptable,
Refrigerated Transport,R-422D,ISCEON MO29,R/N,0,"2,730",A1,"September 28, 2006",Acceptable,
Refrigerated Transport,R-424A,RS-44,R/N,0,"2,440",A1,"September 28, 2006",Acceptable,
Residential and Light Commercial Air Conditioning and Heat Pumps ,R-421A,Choice R-421A,R/N,0,"2,630",A1,"September 28, 2006",Acceptable,
Residential and Light Commercial Air Conditioning and Heat Pumps ,R-422D,ISCEON MO29,R/N,0,"2,730",A1,"September 28, 2006",Acceptable,
Residential and Light Commercial Air Conditioning and Heat Pumps ,R-424A,RS-44,R/N,0,"2,440",A1,"September 28, 2006",Acceptable,
Residential Dehumidifiers,R-421A,Choice R-421A,R/N,0,"2,630",A1,"September 28, 2006",Acceptable,
Residential Dehumidifiers,R-422D,ISCEON MO29,R/N,0,"2,730",A1,"September 28, 2006",Acceptable,
Residential Dehumidifiers,R-424A,RS-44,R/N,0,"2,440",A1,"September 28, 2006",Acceptable,
Water Coolers,R-421A,Choice R-421A,R/N,0,"2,630",A1,"September 28, 2006",Acceptable,
Water Coolers,R-422D,ISCEON MO29,R/N,0,"2,730",A1,"September 28, 2006",Acceptable,
Commerical Ice Machines,R-428A,RS-52,R/N,0,"3,610",A1,"October 4, 2007",Acceptable,
Commerical Ice Machines,R-434A,RS-45,R/N,0,"3,250",A1,"October 4, 2007",Acceptable,
Industrial Process Air Conditioning,R-434A,RS-45,R/N,0,"3,250",A1,"October 4, 2007",Acceptable,
Refrigerated Transport,R-428A,RS-52,R/N,0,"3,610",A1,"October 4, 2007",Acceptable,
Refrigerated Transport,R-434A,RS-45,R/N,0,"3,250",A1,"October 4, 2007",Acceptable,
Residential and Light Commercial Air Conditioning and Heat Pumps ,R-434A,RS-45,R/N,0,"3,250",A1,"October 4, 2007",Acceptable,
Residential Dehumidifiers,R-434A,RS-45,R/N,0,"3,250",A1,"October 4, 2007",Acceptable,
Water Coolers,R-434A,RS-45,R/N,0,"3,250",A1,"October 4, 2007",Acceptable,
"Passenger Air Conditioning in Light-Duty, Medium-Duty, Heavy-Duty and Off-Road Vehicles",HFC-152a,,N,0,124,A2,"June 12, 2008",Acceptable with Use Conditions: See rule for detailed conditions.,
Cold Storage Warehouses,R-437A,"KDD6, ISCEON MO49 Plus",R/N,0,"1,810",A1,"January 2, 2009",Acceptable,
Commerical Ice Machines,R-437A,"KDD6, ISCEON MO49 Plus",R/N,0,"1,810",A1,"January 2, 2009",Acceptable,
Household Refrigerators and Freezers,R-427A,Forane 427A,R,0,"2,140",A1,"January 2, 2009",Acceptable,
Ice Skating Rinks,R-437A,"KDD6, ISCEON MO49 Plus",R/N,0,"1,810",A1,"January 2, 2009",Acceptable,
Industrial Process Air Conditioning,R-427A,Forane 427A,R,0,"2,140",A1,"January 2, 2009",Acceptable,
Industrial Process Air Conditioning,R-437A,"KDD6, ISCEON MO49 Plus",R/N,0,"1,810",A1,"January 2, 2009",Acceptable,
Industrial Process Refrigeration,R-437A,"KDD6, ISCEON MO49 Plus",R/N,0,"1,810",A1,"January 2, 2009",Acceptable,
Non-Mechanical Heat Transfer Systems,R-437A,"KDD6, ISCEON MO49 Plus",R/N,0,"1,810",A1,"January 2, 2009",Acceptable,
Refrigerated Transport,R-437A,"KDD6, ISCEON MO49 Plus",R/N,0,"1,810",A1,"January 2, 2009",Acceptable,
Remote Condensing Units,R-437A,"KDD6, ISCEON MO49 Plus",R/N,0,"1,810",A1,"January 2, 2009",Acceptable,
Residential and Light Commercial Air Conditioning and Heat Pumps ,R-407A,"Klea 60, Klea 407A",R/N,0,"2,110",A1,"January 2, 2009",Acceptable,
Residential and Light Commercial Air Conditioning and Heat Pumps ,R-427A,Forane 427A,R,0,"2,140",A1,"January 2, 2009",Acceptable,
Supermarket Systems,R-437A,"KDD6, ISCEON MO49 Plus",R/N,0,"1,810",A1,"January 2, 2009",Acceptable,
Water Coolers,R-437A,"KDD6, ISCEON MO49 Plus",R/N,0,"1,810",A1,"January 2, 2009",Acceptable,
Cold Storage Warehouses,"R-744 (Carbon Dioxide, CO2)",,N,0,1,A1,"September 30, 2009",Acceptable,
Refrigerated Food Processing and Dispensing Equipment,"R-744 (Carbon Dioxide, CO2)",,N,0,1,A1,"September 30, 2009",Acceptable,
Remote Condensing Units,"R-744 (Carbon Dioxide, CO2)",,N,0,1,A1,"September 30, 2009",Acceptable,
Stand-Alone Equipment,"R-744 (Carbon Dioxide, CO2)",,N,0,1,A1,"September 30, 2009",Acceptable,
Supermarket Systems,"R-744 (Carbon Dioxide, CO2)",,N,0,1,A1,"September 30, 2009",Acceptable,
Centrifugal Chillers,HFC-134a,134a,R/N,0,"1,430",A1,"March 18, 1994; June 16, 2010; December 1, 2016","Unacceptable in new equipment, except as otherwise allowed under a narrowed use limit for military marine vessels and human-rated spacecraft and related support equipment, as of January 1, 2024.",
Cold Storage Warehouses,Stirling Cycle,,N,0,N/A,N/A,"June 16, 2010",Acceptable,
Commerical Ice Machines,RS-44 (2003 formulation),,R/N,0,"2,420",A1,"June 16, 2010",Acceptable,
Commerical Ice Machines,Stirling Cycle,,N,0,N/A,N/A,"June 16, 2010",Acceptable,
Ice Skating Rinks,RS-44 (2003 formulation),,R/N,0,"2,420",A1,"June 16, 2010",Acceptable,
Industrial Process Air Conditioning,Desiccant Cooling,,N,0,N/A,N/A,"June 16, 2010",Acceptable,
Industrial Process Air Conditioning,R-125/R-134a/R-600a (28.1/70.0/1.9),NU-22 old composition,R/N,0,"1,990",A1,"June 16, 2010",Acceptable,
Industrial Process Air Conditioning,RS-44 (2003 formulation),,R/N,0,"2,420",A1,"June 16, 2010",Acceptable,
Industrial Process Refrigeration,R-125/R-134a/R-600a (28.1/70.0/1.9),NU-22 old composition,R/N,0,"1,990",A1,"June 16, 2010",Acceptable,
Industrial Process Refrigeration,R-427A,Forane 427A,R,0,"2,140",A1,"June 16, 2010",Acceptable,
Industrial Process Refrigeration,RS-44 (2003 formulation),,R/N,0,"2,420",A1,"June 16, 2010",Acceptable,
Non-Mechanical Heat Transfer Systems,HFO-1234ze,Solstice 1234ze,R/N,0,6,A2L,"June 16, 2010",Acceptable,
Passenger Air Conditioning in Buses and Trains,Evaporative Cooling,,N,0,N/A,N/A,"June 16, 2010",Acceptable,
Passenger Air Conditioning in Buses and Trains,R-125/R-134a/R-600a (28.1/70.0/1.9),NU-22 old composition,R/N,0,"1,990",A1,"June 16, 2010",Acceptable,
Passenger Air Conditioning in Buses and Trains,R-417A,"ISCEON 59, NU-22",R/N,0,"2,350",A1,"June 16, 2010",Acceptable,
Passenger Air Conditioning in Buses and Trains,R-426A,RS-24,R/N,0,"1,510",A1,"June 16, 2010",Acceptable,
Passenger Air Conditioning in Buses and Trains,RS-24 (2002 formulation),,R/N,0,"1,510",A1,"June 16, 2010",Acceptable,
Passenger Air Conditioning in Buses and Trains,SP34E,SP34E,R/N,0,"<1,470",A1,"June 16, 2010",Acceptable,
Passenger Air Conditioning in Buses and Trains,Stirling Cycle,,N,0,N/A,N/A,"June 16, 2010",Acceptable,
Positive Displacement Chillers,Desiccant Cooling,,N,0,N/A,N/A,"June 16, 2010",Acceptable,Not originally listed under scroll chillers.
Positive Displacement Chillers,Stirling Cycle,,N,0,N/A,N/A,"June 16, 2010",Acceptable,Not originally listed under scroll chillers.
Refrigerated Transport,R-125/R-134a/R-600a (28.1/70.0/1.9),NU-22 old composition,R/N,0,"1,990",A1,"June 16, 2010",Acceptable,
Refrigerated Transport,RS-44 (2003 formulation),,R/N,0,"2,420",A1,"June 16, 2010",Acceptable,
Remote Condensing Units,R-125/R-290/R-134a/R-600a (55.0/1.0/42.5/1.5),ICOR AT-22,R/N,0,"2,530",A1,"June 16, 2010",Acceptable,
Remote Condensing Units,RS-44 (2003 formulation),,R/N,0,"2,420",A1,"June 16, 2010",Acceptable,
Residential and Light Commercial Air Conditioning and Heat Pumps ,R-125/R-134a/R-600a (28.1/70.0/1.9),NU-22 old composition,R/N,0,"1,990",A1,"June 16, 2010",Acceptable,
Residential and Light Commercial Air Conditioning and Heat Pumps ,RS-44 (2003 formulation),,R/N,0,"2,420",A1,"June 16, 2010",Acceptable,
Residential Dehumidifiers,R-125/R-134a/R-600a (28.1/70.0/1.9),NU-22 old composition,R/N,0,"1,990",A1,"June 16, 2010",Acceptable,
Residential Dehumidifiers,RS-44 (2003 formulation),,R/N,0,"2,420",A1,"June 16, 2010",Acceptable,
Supermarket Systems,R-125/R-290/R-134a/R-600a (55.0/1.0/42.5/1.5),ICOR AT-22,R/N,0,"2,530",A1,"June 16, 2010",Acceptable,
Supermarket Systems,RS-44 (2003 formulation),,R/N,0,"2,420",A1,"June 16, 2010",Acceptable,
Very Low Temperature Refrigeration Systems,HFE-7000,,R/N,0,575,A1,"June 16, 2010",Acceptable,
Centrifugal Chillers,HFC-227ea,,N,0,"3,220",A1,"March 18, 1994; June 16, 2010; December 1, 2016","Unacceptable, except as otherwise allowed under a narrowed use limit, as of January 1, 2024.",
Cold Storage Warehouses,R-407F ,Genetron Performax LT,R/N,0,"1,820",A1,"October 4, 2011",Acceptable,
Cold Storage Warehouses,R-417C,Hot Shot 2,R,0,"1,820",A1,"October 4, 2011",Acceptable,
Commerical Ice Machines,R-407F ,Genetron Performax LT,R/N,0,"1,820",A1,"October 4, 2011",Acceptable,
Commerical Ice Machines,R-417C,Hot Shot 2,R,0,"1,820",A1,"October 4, 2011",Acceptable,
Ice Skating Rinks,R-407F ,Genetron Performax LT,R/N,0,"1,820",A1,"October 4, 2011",Acceptable,
Ice Skating Rinks,R-417C,Hot Shot 2,R,0,"1,820",A1,"October 4, 2011",Acceptable,
Industrial Process Air Conditioning,R-407F ,Genetron Performax LT,R/N,0,"1,820",A1,"October 4, 2011",Acceptable,
Industrial Process Refrigeration,R-407F ,Genetron Performax LT,R/N,0,"1,820",A1,"October 4, 2011",Acceptable,
Industrial Process Refrigeration,R-417C,Hot Shot 2,R,0,"1,820",A1,"October 4, 2011",Acceptable,
Passenger Air Conditioning in Buses and Trains,R-407F ,Genetron Performax LT,R/N,0,"1,820",A1,"October 4, 2011",Acceptable,
Positive Displacement Chillers,R-417C,Hot Shot 2,R,0,"1,820",A1,"October 4, 2011",Acceptable,Not originally listed under scroll chillers.
Refrigerated Food Processing and Dispensing Equipment,R-417C,Hot Shot 2,R,0,"1,820",A1,"October 4, 2011",Acceptable,
Refrigerated Transport,R-407F ,Genetron Performax LT,R/N,0,"1,820",A1,"October 4, 2011",Acceptable,
Refrigerated Transport,R-417C,Hot Shot 2,R,0,"1,820",A1,"October 4, 2011",Acceptable,
Remote Condensing Units,R-407F ,Genetron Performax LT,R/N,0,"1,820",A1,"October 4, 2011",Acceptable,
Remote Condensing Units,R-417C,Hot Shot 2,R,0,"1,820",A1,"October 4, 2011",Acceptable,
Residential and Light Commercial Air Conditioning and Heat Pumps ,R-407F ,Genetron Performax LT,R/N,0,"1,820",A1,"October 4, 2011",Acceptable,
Residential and Light Commercial Air Conditioning and Heat Pumps ,R-417C,Hot Shot 2,R,0,"1,820",A1,"October 4, 2011",Acceptable,
Residential Dehumidifiers,R-417C,Hot Shot 2,R,0,"1,820",A1,"October 4, 2011",Acceptable,
Stand-Alone Equipment,R-417C,Hot Shot 2,R,0,"1,820",A1,"October 4, 2011",Acceptable,
Supermarket Systems,R-407F ,Genetron Performax LT,R/N,0,"1,820",A1,"October 4, 2011",Acceptable,
Supermarket Systems,R-417C,Hot Shot 2,R,0,"1,820",A1,"October 4, 2011",Acceptable,
Vending Machines,R-417C,Hot Shot 2,R,0,"1,820",A1,"October 4, 2011",Acceptable,
Stand-Alone Equipment,R-290 (Propane),,N,0,3,A3,"December 20, 2011; June 13, 2024",Acceptable with Use Conditions: See rule for detailed conditions.,
"Passenger Air Conditioning in Light-Duty, Medium-Duty, Heavy-Duty and Off-Road Vehicles","R-744 (Carbon Dioxide, CO2)",,N,0,1,A1,"June 13, 2024",Acceptable with Use Conditions: See rule for detailed conditions.,
Centrifugal Chillers,HFC-236fa,,R/N,0,"9,810",A1,"February 8, 1996; December 1, 2016","Unacceptable in new equipment, except as otherwise allowed under a narrowed use limit, as of January 1, 2024.",
Centrifugal Chillers,HFC-245fa,Genetron® 245fa,R/N,0,"1,030",A1,"March 29, 2006; June 16, 2010; December 1, 2016","Unacceptable in new equipment, except as otherwise allowed under a narrowed use limit, as of January 1, 2024.",
Non-Mechanical Heat Transfer Systems,C7 Fluoroketone,Novec™ 774,R/N,0,1,A1,"August 10, 2012",Acceptable,
Positive Displacement Chillers,HFO-1234ze,Solstice 1234ze,N,0,6,A2L,"August 10, 2012",Acceptable,
Vending Machines,"R-744 (Carbon Dioxide, CO2)",,N,0,1,A1,"August 10, 2012",Acceptable,
Commerical Ice Machines,R-442A,RS-50,R,0,"1,890",A1,"May 17, 2013",Acceptable,
Ice Skating Rinks,R-442A,RS-50,R,0,"1,890",A1,"May 17, 2013",Acceptable,
Refrigerated Food Processing and Dispensing Equipment,R-442A,RS-50,R,0,"1,890",A1,"May 17, 2013",Acceptable,
Remote Condensing Units,R-442A,RS-50,R,0,"1,890",A1,"May 17, 2013",Acceptable,
Supermarket Systems,R-442A,RS-50,R,0,"1,890",A1,"May 17, 2013",Acceptable,
Centrifugal Chillers,HFC-32,,N,0,675,A2L,"April 28, 2023",Acceptable with Use Conditions: See rule for detailed conditions.,
Cold Storage Warehouses,R-450A,Solstice® N-13,R/N,0,601,A1,"October 21, 2014",Acceptable,
Commerical Ice Machines,R-450A,Solstice® N-13,R/N,0,601,A1,"October 21, 2014",Acceptable,
Household Refrigerators and Freezers,R-450A,Solstice® N-13,R/N,0,601,A1,"October 21, 2014",Acceptable,
Industrial Process Air Conditioning,R-450A,Solstice® N-13,R/N,0,601,A1,"October 21, 2014",Acceptable,
Industrial Process Refrigeration,R-450A,Solstice® N-13,R/N,0,601,A1,"October 21, 2014",Acceptable,
Non-Mechanical Heat Transfer Systems,"Trans-1-chloro-3,3,3-trifluoroprop-1-ene","Solstice 1233zd(E), Solstice N12 Refrigerant",N,0.00024 - 0.00034,4.7 - 7,A1,"October 21, 2014",Acceptable,
Positive Displacement Chillers,R-450A,Solstice® N-13,R/N,0,601,A1,"October 21, 2014",Acceptable,
Refrigerated Food Processing and Dispensing Equipment,R-450A,Solstice® N-13,R/N,0,601,A1,"October 21, 2014",Acceptable,
Refrigerated Transport,R-450A,Solstice® N-13,R/N,0,601,A1,"October 21, 2014",Acceptable,
Refrigerated Transport,"R-744 (Carbon Dioxide, CO2)",,N,0,1,A1,"October 21, 2014",Acceptable,
Remote Condensing Units,R-450A,Solstice® N-13,R/N,0,601,A1,"October 21, 2014",Acceptable,
Stand-Alone Equipment,R-450A,Solstice® N-13,R/N,0,601,A1,"October 21, 2014",Acceptable,
Supermarket Systems,R-450A,Solstice® N-13,R/N,0,601,A1,"October 21, 2014",Acceptable,
Water Coolers,R-450A,Solstice® N-13,R/N,0,601,A1,"October 21, 2014",Acceptable,
Non-Mechanical Heat Transfer Systems,R-170 (Ethane),,N,0,5.5,A3,"April 10, 2015",Acceptable with Use Conditions: See rule for detailed conditions.,
Residential and Light Commercial Air Conditioning and Heat Pumps ,R-290 (Propane),,N,0,3,A3,"April 10, 2015",Acceptable with Use Conditions: For use in self-contained room air conditioning; see rule for detailed conditions.,
Residential and Light Commercial Air Conditioning and Heat Pumps ,R-441A,,N,0,<5,A3,"April 10, 2015",Acceptable with Use Conditions: For use in self-contained room air conditioning; see rule for detailed conditions.,
Stand-Alone Equipment,R-441A,,N,0,<5,A3,"April 10, 2015",Acceptable with Use Conditions: See rule for detailed conditions.,
Stand-Alone Equipment,R-600a (Isobutane),,N,0,3,A3,"April 10, 2015",Acceptable with Use Conditions: See rule for detailed conditions.,
Vending Machines,R-290 (Propane),,N,0,3,A3,"April 10, 2015",Acceptable with Use Conditions: See rule for detailed conditions.,
Vending Machines,R-441A,,N,0,<5,A3,"April 10, 2015",Acceptable with Use Conditions: See rule for detailed conditions.,
Vending Machines,R-600a (Isobutane),,N,0,3,A3,"April 10, 2015",Acceptable with Use Conditions: See rule for detailed conditions.,
Very Low Temperature Refrigeration Systems,R-170 (Ethane),,N,0,5.5,A3,"April 10, 2015",Acceptable with Use Conditions: See rule for detailed conditions.,
Centrifugal Chillers,HFO-1234yf,,N,0,<4,A2L,"April 28, 2023",Acceptable with Use Conditions: See rule for detailed conditions.,
Cold Storage Warehouses,R-513A,Opteon® XP 10,R/N,0,630,A1,"July 16, 2015",Acceptable,
Commerical Ice Machines,R-448A,Solstice® N-40,R/N,0,"1,387",A1,"July 16, 2015",Acceptable,
Commerical Ice Machines,R-449A,Opteon® XP 40,R/N,0,"1,400",A1,"July 16, 2015",Acceptable,
Commerical Ice Machines,R-513A,Opteon® XP 10,R/N,0,630,A1,"July 16, 2015",Acceptable,
Household Refrigerators and Freezers,R-513A,Opteon® XP 10,R/N,0,630,A1,"July 16, 2015",Acceptable,
Industrial Process Air Conditioning,R-513A,Opteon® XP 10,R/N,0,630,A1,"July 16, 2015",Acceptable,
Industrial Process Refrigeration,R-513A,Opteon® XP 10,R/N,0,630,A1,"July 16, 2015",Acceptable,
Non-Mechanical Heat Transfer Systems,Methoxytridecafluoroheptene isomers,MPHE; Sinera™,R/N,0,2.5,A1,"July 16, 2015",Acceptable,
Positive Displacement Chillers,R-513A,Opteon® XP 10,R/N,0,630,A1,"July 16, 2015",Acceptable,
Refrigerated Transport,R-448A,Solstice® N-40,R/N,0,"1,387",A1,"July 16, 2015",Acceptable,
Refrigerated Transport,R-449A,Opteon® XP 40,R/N,0,"1,400",A1,"July 16, 2015",Acceptable,
Refrigerated Transport,R-513A,Opteon® XP 10,R/N,0,630,A1,"July 16, 2015",Acceptable,
Remote Condensing Units,R-448A,Solstice® N-40,R/N,0,"1,387",A1,"July 16, 2015",Acceptable,
Remote Condensing Units,R-449A,Opteon® XP 40,R/N,0,"1,400",A1,"July 16, 2015",Acceptable,
Remote Condensing Units,R-513A,Opteon® XP 10,R/N,0,630,A1,"July 16, 2015",Acceptable,
Stand-Alone Equipment,R-513A,Opteon® XP 10,R/N,0,630,A1,"July 16, 2015","Acceptable with Use Conditions: Low temperature (i.e., temperatures at or below 32°F (0 °C)) and medium temperature (i.e., temperatures above 32°F (0 °C)) stand-alone equipment.",
Supermarket Systems,R-448A,Solstice® N-40,R/N,0,"1,387",A1,"July 16, 2015",Acceptable,
Supermarket Systems,R-449A,Opteon® XP 40,R/N,0,"1,400",A1,"July 16, 2015",Acceptable,
Supermarket Systems,R-513A,Opteon® XP 10,R/N,0,630,A1,"July 16, 2015",Acceptable,
Vending Machines,R-513A,Opteon® XP 10,R/N,0,630,A1,"July 16, 2015",Acceptable,
Water Coolers,R-513A,Opteon® XP 10,R/N,0,630,A1,"July 16, 2015",Acceptable,
Centrifugal Chillers,HFO-1234ze,Solstice 1234ze,N,0,6,A2L,"August 10, 2012",Acceptable,
Centrifugal Chillers,"HFO-1336mzz(Z) ((Z)-1,1,1,4,4,4-hexafluorobut-2-ene)",Opteon® MZ,N,0,9,A1,"May 23, 2016",Acceptable,
Centrifugal Chillers,HFO-1336mzz(Z)/dichloroethylene blend (R-514A),Opteon® XP30,R/N,0.00006,7,B1,"May 23, 2016",Acceptable,
Ice Skating Rinks,"R-744 (Carbon Dioxide, CO2)",,N,0,1,A1,"May 23, 2016",Acceptable,
Industrial Process Air Conditioning,"HFO-1336mzz(Z) ((Z)-1,1,1,4,4,4-hexafluorobut-2-ene)",Opteon® MZ,N,0,9,A1,"May 23, 2016",Acceptable,
Industrial Process Air Conditioning,"R-744 (Carbon Dioxide, CO2)",,N,0,1,A1,"May 23, 2016",Acceptable,
Non-Mechanical Heat Transfer Systems,"HFO-1336mzz(Z) ((Z)-1,1,1,4,4,4-hexafluorobut-2-ene)",Opteon® MZ,R/N,0,9,A1,"May 23, 2016",Acceptable,
Positive Displacement Chillers,"HFO-1336mzz(Z) ((Z)-1,1,1,4,4,4-hexafluorobut-2-ene)",Opteon® MZ,N,0,9,A1,"May 23, 2016",Acceptable,
Positive Displacement Chillers,HFO-1336mzz(Z)/dichloroethylene blend (R-514A),Opteon® XP30,R/N,0.00006,7,B1,"May 23, 2016",Acceptable,
Positive Displacement Chillers,"R-744 (Carbon Dioxide, CO2)",,N,0,1,A1,"May 23, 2016",Acceptable,
Refrigerated Food Processing and Dispensing Equipment,R-513A,Opteon® XP 10,R/N,0,630,A1,"May 23, 2016",Acceptable,
Commerical Ice Machines,R-449B,Forane® 449B,R/N,0,"1,412",A1,"October 11, 2016",Acceptable,
Refrigerated Food Processing and Dispensing Equipment,R-448A,Solstice® N-40,R/N,0,"1,387",A1,"October 11, 2016",Acceptable,
Refrigerated Food Processing and Dispensing Equipment,R-449A,Opteon® XP 40,R/N,0,"1,400",A1,"October 11, 2016",Acceptable,
Refrigerated Food Processing and Dispensing Equipment,R-449B,Forane® 449B,R/N,0,"1,412",A1,"October 11, 2016",Acceptable,
Refrigerated Transport,R-449B,Forane® 449B,R/N,0,"1,412",A1,"October 11, 2016",Acceptable,
Remote Condensing Units,R-449B,Forane® 449B,R/N,0,"1,412",A1,"October 11, 2016",Acceptable,
Supermarket Systems,R-449B,Forane® 449B,R/N,0,"1,412",A1,"October 11, 2016",Acceptable,
Centrifugal Chillers,Hot Shot,"Hot Shot, Kar Kool",R/N,0.098,"3,337",A1,"September 5, 1996",Acceptable,
Centrifugal Chillers,Ikon A,"Ikon-12, Blend Zeta",N,0,N/A,A1,"June 19, 2000",Acceptable,
Cold Storage Warehouses,R-1270 (Propylene),,N,0,1.8,A3,"December 1, 2016","Unacceptable as of January 3, 2017.",
Cold Storage Warehouses,R-443A,,N,0,2.5,A3,"December 1, 2016","Unacceptable as of January 3, 2017.",
Commerical Ice Machines,R-290 (Propane),,N,0,3,A3,"December 1, 2016; June 13, 2024",Acceptable Subject to Use Conditions: For use in self-contained commercial ice machines; see rule for detailed conditions.,
Positive Displacement Chillers,R-1270 (Propylene),,N,0,1.8,A3,"December 1, 2016","Unacceptable as of January 3, 2017.",
Positive Displacement Chillers,R-443A,,N,0,2.5,A3,"December 1, 2016","Unacceptable as of January 3, 2017.",
Residential and Light Commercial Air Conditioning and Heat Pumps ,R-1270 (Propylene),,N,0,1.8,A3,"December 1, 2016","Unacceptable as of January 3, 2017.",
Residential and Light Commercial Air Conditioning and Heat Pumps ,R-443A,,N,0,2.5,A3,"December 1, 2016","Unacceptable as of January 3, 2017.",
Very Low Temperature Refrigeration Systems,R-290 (Propane),,N,0,3,A3,"December 1, 2016",Acceptable with Use Conditions: See rule for detailed conditions.,
Water Coolers,R-290 (Propane),,N,0,3,A3,"December 1, 2016",Acceptable with Use Conditions: See rule for detailed conditions.,
Cold Storage Warehouses,R-448A,Solstice® N-40,R/N,0,"1,387",A1,"July 21, 2017",Acceptable,
Cold Storage Warehouses,R-449A,Opteon® XP 40,R/N,0,"1,400",A1,"July 21, 2017",Acceptable,
Cold Storage Warehouses,R-449B,Forane® 449B,R/N,0,"1,412",A1,"July 21, 2017",Acceptable,
Cold Storage Warehouses,R-453A,RS-70,R/N,0,"1,770",A1,"July 21, 2017",Acceptable,
Industrial Process Refrigeration,R-448A,Solstice® N-40,R/N,0,"1,387",A1,"July 21, 2017",Acceptable,
Industrial Process Refrigeration,R-449A,Opteon® XP 40,R/N,0,"1,400",A1,"July 21, 2017",Acceptable,
Industrial Process Refrigeration,R-449B,Forane® 449B,R/N,0,"1,412",A1,"July 21, 2017",Acceptable,
Industrial Process Refrigeration,R-453A,RS-70,R/N,0,"1,770",A1,"July 21, 2017",Acceptable,
Industrial Process Refrigeration,R-458A,Bluon TdX 20,R/N,0,"1,650",A1,"July 21, 2017",Acceptable,
Non-Mechanical Heat Transfer Systems,"HFE-7300 (1,1,1,2,2,3,4,5,5,5-decafluoro-3-methoxy-4-(trifluoromethyl)pentane)",Novec 7300,R/N,0,310,A1,"July 21, 2017",Acceptable,
Refrigerated Transport,R-452A,Opteon XP44,R/N,0,"2,140",A1,"July 21, 2017",Acceptable with Use Conditions: For use in refrigerated trucks and trailers only.,
Refrigerated Transport,R-452C,Forane® 452C,R/N,0,"2,200",A1,"July 21, 2017",Acceptable with Use Conditions: For use in refrigerated trucks and trailers only.,
Remote Condensing Units,R-407H,,R/N,0,"1,500",A1,"July 21, 2017",Acceptable,
Remote Condensing Units,R-442A,RS-50,R/N,0,"1,890",A1,"July 21, 2017",Acceptable,
Remote Condensing Units,R-452A,Opteon XP44,R/N,0,"2,140",A1,"July 21, 2017",Acceptable,
Remote Condensing Units,R-452C,Forane® 452C,R/N,0,"2,200",A1,"July 21, 2017",Acceptable,
Remote Condensing Units,R-453A,RS-70,R/N,0,"1,770",A1,"July 21, 2017",Acceptable,
Remote Condensing Units,R-458A,Bluon TdX 20,R/N,0,"1,650",A1,"July 21, 2017",Acceptable,
Residential and Light Commercial Air Conditioning and Heat Pumps ,R-458A,Bluon TdX 20,R,0,"1,650",A1,"July 21, 2017",Acceptable,
Residential Dehumidifiers,R-513A,Opteon® XP 10,R/N,0,630,A1,"July 21, 2017",Acceptable,
Ice Skating Rinks,R-450A,Solstice® N-13,R/N,0,600,A1,"October 4, 2018",Acceptable,
Ice Skating Rinks,R-513A,Opteon® XP 10,R/N,0,630,A1,"October 4, 2018",Acceptable,
Centrifugal Chillers,Ikon A,"Ikon-12, Blend Zeta",R/N,0,N/A,A1,N/A,REMOVE ROW,
Industrial Process Refrigeration,R-1224yd(Z),AMOLEA® yd,R/N,0.00012,1,A1,"November 25, 2019",Acceptable,
Positive Displacement Chillers,R-1224yd(Z),AMOLEA® yd,R/N,0.00012,1,A1,"November 25, 2019",Acceptable,
Refrigerated Food Processing and Dispensing Equipment,R-407H,D407,R/N,0,"1,500",A1,"November 25, 2019",Acceptable,
Refrigerated Transport,R-407H,D407,R/N,0,"1,500",A1,"November 25, 2019",Acceptable with Use Conditions: For use in refrigerated trucks and trailers only.,
Refrigerated Transport,R-453A,RS-70,R/N,0,"1,770",A1,"November 25, 2019",Acceptable with Use Conditions: For use in refrigerated trucks and trailers only.,
Supermarket Systems,R-407H,D407,R/N,0,"1,500",A1,"November 25, 2019",Acceptable,
Centrifugal Chillers,Ikon B,,R/N,0,N/A,A1,"December 6, 1999",Acceptable,
Industrial Process Air Conditioning,R-515B,,N,0,287,A1,"December 11, 2020",Acceptable,
Industrial Process Refrigeration,HCFO-1233zd(E),"Solstice® N12, Solstice® 1233zd(E)",R/N,<0.0004,3.7,A1,"December 11, 2020",Acceptable,
Positive Displacement Chillers,R-515B,,N,0,287,A1,"December 11, 2020",Acceptable,
Residential and Light Commercial Air Conditioning and Heat Pumps ,R-452B,Opteon™ XL55,N,0,700,A2L,"May 6, 2021",Acceptable with Use Conditions: See rule for detailed conditions.,
Residential and Light Commercial Air Conditioning and Heat Pumps ,R-454A,Opteon™ XL40,N,0,240,A2L,"May 6, 2021",Acceptable with Use Conditions: See rule for detailed conditions.,
Residential and Light Commercial Air Conditioning and Heat Pumps ,R-454B,Opteon™ XL41,N,0,470,A2L,"May 6, 2021",Acceptable with Use Conditions: See rule for detailed conditions.,
Residential and Light Commercial Air Conditioning and Heat Pumps ,R-454C,Opteon™ XL20,N,0,150,A2L,"May 6, 2021",Acceptable with Use Conditions: See rule for detailed conditions.,
Residential and Light Commercial Air Conditioning and Heat Pumps ,R-457A,Forane® 457A,N,0,140,A2L,"May 6, 2021",Acceptable with Use Conditions: See rule for detailed conditions.,
Cold Storage Warehouses,HCFO-1233zd(E),Solstice® 1233zd(E),N,<0.0004,3.7,A1,"January 20, 2022",Acceptable,
Ice Skating Rinks,HCFO-1233zd(E),Solstice® 1233zd(E),N,<0.0004,3.7,A1,"January 20, 2022",Acceptable,
Industrial Process Air Conditioning,HCFO-1233zd(E),Solstice® 1233zd(E),N,<0.0004,3.7,A1,"January 20, 2022",Acceptable,
Centrifugal Chillers,R-1224yd(Z),AMOLEA® yd,R/N,0.00012,1,A1,"November 25, 2019",Acceptable,
Centrifugal Chillers,R-125/R-134a/R-600a (28.1/70.0/1.9),NU-22 old composition,R/N,0,"1,990",A1,"June 16, 2010; December 1, 2016","Unacceptable in new equipment, except as otherwise allowed under a narrowed use limit, as of January 1, 2024.",
Centrifugal Chillers,R-125/R-290/R-134a/R-600a (55.0/1.0/42.5/1.5),ICOR AT-22,R/N,0,"2,530",A1,"March 29, 2006; June 16, 2010; December 1, 2016","Unacceptable in new equipment, except as otherwise allowed under a narrowed use limit, as of January 1, 2024.",
Centrifugal Chillers,R-1270 (Propylene),,N,0,1.8,A3,"December 1, 2016","Unacceptable as of January 3, 2017.",
Centrifugal Chillers,R-404A,HP-62,R/N,0,"3,920",A1,"December 20, 2002; December 1, 2016","Unacceptable in new equipment, except as otherwise allowed under a narrowed use limit for human-rated spacecraft and related support equipment, as of January 1, 2024.",
Centrifugal Chillers,R-406A,GHG,R,0.057,"1,900",A2,"August 26, 1994",Acceptable,
Positive Displacement Chillers,HFC-32,,N,0,675,A2L,"April 28, 2023",Acceptable with Use Conditions: See rule for detailed conditions., 
Positive Displacement Chillers,HFO-1234yf, ,N,0,<4,A2L,"April 28, 2023",Acceptable with Use Conditions: See rule for detailed conditions., 
Positive Displacement Chillers,R-452B,Opteon™ XL55,N,0,698,A2L,"April 28, 2023",Acceptable with Use Conditions: See rule for detailed conditions., 
Positive Displacement Chillers,R-454A,Opteon™ XL40,N,0,240,A2L,"April 28, 2023",Acceptable with Use Conditions: See rule for detailed conditions., 
Positive Displacement Chillers,R-454B,Opteon™ XL41,N,0,466,A2L,"April 28, 2023",Acceptable with Use Conditions: See rule for detailed conditions., 
Positive Displacement Chillers,R-454C,Opteon™ XL20,N,0,148,A2L,"April 28, 2023",Acceptable with Use Conditions: See rule for detailed conditions.,
Industrial Process Air Conditioning,HFC-32, ,N,0,675,A2L,"April 28, 2023",Acceptable with Use Conditions: See rule for detailed conditions., 
Industrial Process Air Conditioning,HFO-1234yf, ,N,0,<4,A2L,"April 28, 2023",Acceptable with Use Conditions: See rule for detailed conditions., 
Industrial Process Air Conditioning,R-452B,Opteon™ XL55,N,0,698,A2L,"April 28, 2023",Acceptable with Use Conditions: See rule for detailed conditions., 
Industrial Process Air Conditioning,R-454A,Opteon™ XL40,N,0,240,A2L,"April 28, 2023",Acceptable with Use Conditions: See rule for detailed conditions., 
Industrial Process Air Conditioning,R-454B,Opteon™ XL41,N,0,466,A2L,"April 28, 2023",Acceptable with Use Conditions: See rule for detailed conditions.,
Industrial Process Air Conditioning,R-454C,Opteon™ XL20,N,0,148,A2L,"April 28, 2023",Acceptable with Use Conditions: See rule for detailed conditions.,
Cold Storage Warehouses,R-471A,Solstice® N71,N,0,144,A1,"September 8, 2023; December 11, 2024",Acceptable,
Cold Storage Warehouses,R-515B,Solstice® N15,N,0,287,A1,"September 8, 2023",Acceptable,
Commerical Ice Machines,R-515B,Solstice® N15,N,0,287,A1,"September 8, 2023",Acceptable,
Industrial Process Refrigeration,R-471A,Solstice® N71,R/N,0,144,A1,"September 8, 2023; December 11, 2024",Acceptable,
Household Refrigerators and Freezers,R-290 (Propane),,N,0,3,A3,"April 10, 2015; August 8, 2018",Acceptable with Use Conditions: See rule for detailed conditions.,
Residential and Light Commercial Air Conditioning and Heat Pumps ,HFC-32,,N,0,675,A2L,"April 10, 2015; May 6, 2021; April 28, 2023",Acceptable with Use Conditions: See rule for detailed conditions.,
Household Refrigerators and Freezers,RS-44 (2003 formulation),,R/N,0,"2,420",A1,"August 21, 2003; December 1, 2016","Unacceptable in new equipment as of January 1, 2021.",
Vending Machines,R-404A,HP-62,R/N,0,"3,920",A1,"August 26, 1994; December 20, 2002; July 20, 2015","Unacceptable in:
• retrofit equipment as of July 20, 2016. 
• new equipment as of January 1, 2019.",
Refrigerated Transport,R-407A,"Klea 60, Klea 407A",R/N,0,"2,110",A1,"August 26, 1994; January 2, 2009",Acceptable,
Remote Condensing Units,R-407A,"Klea 60, Klea 407A",R/N,0,"2,110",A1,"August 26, 1994; January 2, 2009",Acceptable,
Supermarket Systems,R-407A,"Klea 60, Klea 407A",R/N,0,"2,110",A1,"August 26, 1994; January 2, 2009",Acceptable,
Cold Storage Warehouses,R-407A,"Klea 60, Klea 407A",R/N,0,"2,110",A1,"August 26, 1994; January 2, 2009; December 1, 2016","Unacceptable in new equipment as of January 1, 2023.",
Refrigerated Food Processing and Dispensing Equipment,R-407A,"Klea 60, Klea 407A",R/N,0,"2,110",A1,"August 26, 1994; January 2, 2009; December 1, 2016","Unacceptable in new equipment as of January 1, 2021.",
Stand-Alone Equipment,R-407A,"Klea 60, Klea 407A",R/N,0,"2,110",A1,"August 26, 1994; January 2, 2009; July 20, 2015","Unacceptable in: 
• new Stand-Alone Medium-Temperature Units with a compressor capacity below 2,200 Btu/hour and not containing a flooded evaporator as of January 1, 2019. 
• new Stand-Alone Medium-Temperature Units with a compressor capacity equal to or greater than 2,200 Btu/hour and Stand-Alone Medium-Temperature Units containing a flooded evaporator as of January 1, 2020. 
• new Stand-Alone Low-Temperature Units as of January 1, 2020.",
Commerical Ice Machines,R-407A,"Klea 60, Klea 407A",R/N,0,"2,110",A1,"August 26, 1994; June 16, 2010",Acceptable,
Commerical Ice Machines,R-407B,Klea 61,R/N,0,"2,800",A1,"August 26, 1994; June 16, 2010",Acceptable,
Ice Skating Rinks,R-407A,"Klea 60, Klea 407A",R/N,0,"2,110",A1,"August 26, 1994; June 16, 2010",Acceptable,
Ice Skating Rinks,R-407B,Klea 61,R/N,0,"2,800",A1,"August 26, 1994; June 16, 2010",Acceptable,
Industrial Process Refrigeration,R-407A,"Klea 60, Klea 407A",R/N,0,"2,110",A1,"August 26, 1994; June 16, 2010",Acceptable,
Industrial Process Refrigeration,R-407B,Klea 61,R/N,0,"2,800",A1,"August 26, 1994; June 16, 2010",Acceptable,
Refrigerated Transport,R-407B,Klea 61,R/N,0,"2,800",A1,"August 26, 1994; June 16, 2010",Acceptable,
Cold Storage Warehouses,R-407B,Klea 61,R/N,0,"2,800",A1,"August 26, 1994; June 16, 2010; December 1, 2016","Unacceptable in new equipment as of January 1, 2023.",
Refrigerated Food Processing and Dispensing Equipment,R-407B,Klea 61,R/N,0,"2,800",A1,"August 26, 1994; June 16, 2010; December 1, 2016","Unacceptable in new equipment as of January 1, 2021.",
Remote Condensing Units,R-407B,Klea 61,R/N,0,"2,800",A1,"August 26, 1994; June 16, 2010; July 20, 2015","Unacceptable in:
• retrofit equipment as of July 20, 2016. 
• new equipment as of January 1, 2018.",
Stand-Alone Equipment,R-407B,Klea 61,R/N,0,"2,800",A1,"August 26, 1994; June 16, 2010; July 20, 2015","Unacceptable in: 
• new Stand-Alone Medium-Temperature Units with a compressor capacity below 2,200 Btu/hour and not containing a flooded evaporator as of January 1, 2019. 
• new Stand-Alone Medium-Temperature Units with a compressor capacity equal to or greater than 2,200 Btu/hour and Stand-Alone Medium-Temperature Units containing a flooded evaporator as of January 1, 2020. 
• new Stand-Alone Low-Temperature Units as of January 1, 2020.",
Supermarket Systems,R-407B,Klea 61,R/N,0,"2,800",A1,"August 26, 1994; June 16, 2010; July 20, 2015","Unacceptable in:
• retrofit equipment as of July 20, 2016.
• new equipment as of January 1, 2017.",
Centrifugal Chillers,R-407C,"Suva 407C, Klea 407C",R/N,0,"1,770",A1,"February 8, 1996; December 20, 2002; December 1, 2016","Unacceptable in new equipment, except as otherwise allowed under a narrowed use limit, as of January 1, 2024.",
Centrifugal Chillers,R-410A,"AZ-20, Suva 9100, Puron",N,0,"2,090",A1,"February 8, 1996; December 20, 2002; December 1, 2016","Unacceptable, except as otherwise allowed under a narrowed use limit, as of January 1, 2024.",
Household Refrigerators and Freezers,FOR12A,FOR12A,R/N,0,"1,100",A1,"December 18, 2000; December 1, 2016","Unacceptable in new equipment as of January 1, 2021.",
Household Refrigerators and Freezers,FOR12B,FOR12B,R/N,0,"1,000",A1,"December 18, 2000; December 1, 2016","Unacceptable in new equipment as of January 1, 2021.",
Household Refrigerators and Freezers,SP34E,SP34E,R/N,0,"<1,470",A1,"December 18, 2000; December 1, 2016","Unacceptable in new equipment as of January 1, 2021.",
Positive Displacement Chillers,FOR12A,FOR12A,R/N,0,"1,100",A1,"December 18, 2000; December 1, 2016","Unacceptable in new equipment, except as otherwise allowed under a narrowed use limit, as of January 1, 2024.",Originally listed under reciprocating chillers only. 
Positive Displacement Chillers,FOR12B,FOR12B,R/N,0,"1,000",A1,"December 18, 2000; December 1, 2016","Unacceptable in new equipment, except as otherwise allowed under a narrowed use limit, as of January 1, 2024.",Originally listed under reciprocating chillers only. 
Stand-Alone Equipment,FOR12A,FOR12A,R/N,0,"1,100",A1,"December 18, 2000; July 20, 2015","Unacceptable in:
• new Stand-Alone Medium-Temperature Units with a compressor capacity below 2,200 Btu/hour and not containing a flooded evaporator as of January 1, 2019. 
• new Stand-Alone Medium-Temperature Units with a compressor capacity equal to or greater than 2,200 Btu/hour and Stand-Alone Medium-Temperature Units containing a flooded evaporator as of January 1, 2020.",
Stand-Alone Equipment,FOR12B,FOR12B,R/N,0,"1,000",A1,"December 18, 2000; July 20, 2015","Unacceptable in:
• new Stand-Alone Medium-Temperature Units with a compressor capacity below 2,200 Btu/hour and not containing a flooded evaporator as of January 1, 2019. 
• new Stand-Alone Medium-Temperature Units with a compressor capacity equal to or greater than 2,200 Btu/hour and Stand-Alone Medium-Temperature Units containing a flooded evaporator as of January 1, 2020.",
Vending Machines,FOR12A,FOR12A,R/N,0,"1,100",A1,"December 18, 2000; July 20, 2015","Unacceptable in new equipment as of January 1, 2019.",
Vending Machines,FOR12B,FOR12B,R/N,0,"1,000",A1,"December 18, 2000; July 20, 2015","Unacceptable in new equipment as of January 1, 2019.",
Cold Storage Warehouses,SP34E,SP34E,R/N,0,"<1,470",A1,"December 18, 2000; June 16, 2010",Acceptable,
Industrial Process Refrigeration,HFE-7100,,N,0,297,A1,"December 18, 2000; June 16, 2010",Acceptable: Only acceptable for use as a secondary heat transfer fluid in not-in-kind systems.,
Industrial Process Refrigeration,HFE-7200,,N,0,59,N/A,"December 18, 2000; June 16, 2010",Acceptable: Only acceptable for use as a secondary heat transfer fluid in not-in-kind systems.,
Non-Mechanical Heat Transfer Systems,HFE-7200,,R/N,0,59,N/A,"December 18, 2000; June 16, 2010",Acceptable: Only acceptable for use as a secondary heat transfer fluid in not-in-kind systems.,
Refrigerated Food Processing and Dispensing Equipment,HFE-7100,,N,0,297,A1,"December 18, 2000; June 16, 2010",Acceptable: Only acceptable for use as a secondary heat transfer fluid in not-in-kind systems.,
Refrigerated Food Processing and Dispensing Equipment,SP34E,SP34E,R/N,0,"<1,470",A1,"December 18, 2000; June 16, 2010",Acceptable,
Refrigerated Transport,SP34E,SP34E,R/N,0,"<1,470",A1,"December 18, 2000; June 16, 2010",Acceptable,
Remote Condensing Units,HFE-7100,,N,0,297,A1,"December 18, 2000; June 16, 2010",Acceptable: Only acceptable for use as a secondary heat transfer fluid in not-in-kind systems.,
Remote Condensing Units,HFE-7200,,N,0,59,N/A,"December 18, 2000; June 16, 2010",Acceptable: Only acceptable for use as a secondary heat transfer fluid in not-in-kind systems.,
Remote Condensing Units,SP34E,SP34E,R/N,0,"<1,470",A1,"December 18, 2000; June 16, 2010",Acceptable,
Stand-Alone Equipment,HFE-7100,,N,0,297,A1,"December 18, 2000; June 16, 2010",Acceptable: Only acceptable for use as a secondary heat transfer fluid in not-in-kind systems.,
Stand-Alone Equipment,HFE-7200,,N,0,59,N/A,"December 18, 2000; June 16, 2010",Acceptable: Only acceptable for use as a secondary heat transfer fluid in not-in-kind systems.,
Supermarket Systems,HFE-7100,,N,0,297,A1,"December 18, 2000; June 16, 2010",Acceptable: Only acceptable for use as a secondary heat transfer fluid in not-in-kind systems.,
Supermarket Systems,HFE-7200,,N,0,59,N/A,"December 18, 2000; June 16, 2010",Acceptable: Only acceptable for use as a secondary heat transfer fluid in not-in-kind systems.,
Supermarket Systems,HFE-7200,,N,0,59,N/A,"December 18, 2000; June 16, 2010",Acceptable: Only acceptable for use as a secondary heat transfer fluid in not-in-kind systems.,
Supermarket Systems,SP34E,SP34E,R/N,0,"<1,470",A1,"December 18, 2000; June 16, 2010",Acceptable,
Very Low Temperature Refrigeration Systems,HFE-7100,,N,0,297,A1,"December 18, 2000; June 16, 2010",Acceptable: Only acceptable for use as a secondary heat transfer fluid in not-in-kind systems.,
Very Low Temperature Refrigeration Systems,HFE-7200,,N,0,59,N/A,"December 18, 2000; June 16, 2010",Acceptable: Only acceptable for use as a secondary heat transfer fluid in not-in-kind systems.,
Water Coolers,SP34E,SP34E,R/N,0,"<1,470",A1,"December 18, 2000; June 16, 2010",Acceptable,
Positive Displacement Chillers,SP34E,SP34E,R/N,0,"<1,470",A1,"December 18, 2000; June 16, 2010; December 1, 2016","Unacceptable in new equipment, except as otherwise allowed under a narrowed use limit, as of January 1, 2024.",Not originally listed under scroll chillers.
Stand-Alone Equipment,SP34E,SP34E,R/N,0,"<1,470",A1,"December 18, 2000; June 16, 2010; July 20, 2015","Unacceptable in:
• new Stand-Alone Medium-Temperature Units with a compressor capacity below 2,200 Btu/hour and not containing a flooded evaporator as of January 1, 2019. 
• new Stand-Alone Medium-Temperature Units with a compressor capacity equal to or greater than 2,200 Btu/hour and Stand-Alone Medium-Temperature Units containing a flooded evaporator as of January 1, 2020.",
Vending Machines,SP34E,SP34E,R/N,0,"<1,470",A1,"December 18, 2000; June 16, 2010; July 20, 2015","Unacceptable in new equipment as of January 1, 2019.",
"Passenger Air Conditioning in Light-Duty, Medium-Duty, Heavy-Duty and Off-Road Vehicles",SP34E,SP34E,R/N,0,"<1,470",A1,"December 18, 2000; May 23, 2001; July 20, 2015",Unacceptable as of MY 2017. Detailed conditions apply - see notice; use of new fittings for small refrigerant cans required.,
Industrial Process Air Conditioning,R-407C,"Suva 407C, Klea 407C",R/N,0,"1,770",A1,"December 20, 2002; August 21, 2003",Acceptable,
Non-Mechanical Heat Transfer Systems,R-407C,"Suva 407C, Klea 407C",R/N,0,"1,770",A1,"December 20, 2002; August 21, 2003",Acceptable,
Centrifugal Chillers,R-410B,,N,0,"2,230",A1,"February 8, 1996; June 16, 2010; December 1, 2016","Unacceptable, except as otherwise allowed under a narrowed use limit, as of January 1, 2024.",
Household Refrigerators and Freezers,RS-24 (2002 formulation),,R/N,0,"1,510",A1,"December 20, 2002; December 1, 2016","Unacceptable in new equipment as of January 1, 2021.",
Positive Displacement Chillers,R-404A,HP-62,R/N,0,"3,920",A1,"December 20, 2002; December 1, 2016","Unacceptable in new equipment, except as otherwise allowed under a narrowed use limit for human-rated spacecraft and related support equipment, as of January 1, 2024.",Not originally listed under scroll chillers.
Cold Storage Warehouses,RS-24 (2002 formulation),,R/N,0,"1,510",A1,"December 20, 2002; June 16, 2010",Acceptable,
Commerical Ice Machines,RS-24 (2002 formulation),,R/N,0,"1,510",A1,"December 20, 2002; June 16, 2010",Acceptable,
Ice Skating Rinks,RS-24 (2002 formulation),,R/N,0,"1,510",A1,"December 20, 2002; June 16, 2010",Acceptable,
Industrial Process Air Conditioning,RS-24 (2002 formulation),,R/N,0,"1,510",A1,"December 20, 2002; June 16, 2010",Acceptable,
Industrial Process Refrigeration,RS-24 (2002 formulation),,R/N,0,"1,510",A1,"December 20, 2002; June 16, 2010",Acceptable,
Refrigerated Food Processing and Dispensing Equipment,RS-24 (2002 formulation),,R/N,0,"1,510",A1,"December 20, 2002; June 16, 2010",Acceptable,
Refrigerated Transport,RS-24 (2002 formulation),,R/N,0,"1,510",A1,"December 20, 2002; June 16, 2010",Acceptable,
Remote Condensing Units,RS-24 (2002 formulation),,R/N,0,"1,510",A1,"December 20, 2002; June 16, 2010",Acceptable,
Residential Dehumidifiers,RS-24 (2002 formulation),,R/N,0,"1,510",A1,"December 20, 2002; June 16, 2010",Acceptable,
Supermarket Systems,RS-24 (2002 formulation),,R/N,0,"1,510",A1,"December 20, 2002; June 16, 2010",Acceptable,
Water Coolers,RS-24 (2002 formulation),,R/N,0,"1,510",A1,"December 20, 2002; June 16, 2010",Acceptable,
Stand-Alone Equipment,RS-24 (2002 formulation),,R/N,0,"1,510",A1,"December 20, 2002; June 16, 2010; July 20, 2015","Unacceptable in:
• new Stand-Alone Medium-Temperature Units with a compressor capacity below 2,200 Btu/hour and not containing a flooded evaporator as of January 1, 2019. 
• new Stand-Alone Medium-Temperature Units with a compressor capacity equal to or greater than 2,200 Btu/hour and Stand-Alone Medium-Temperature Units containing a flooded evaporator as of January 1, 2020.",
Vending Machines,RS-24 (2002 formulation),,R/N,0,"1,510",A1,"December 20, 2002; June 16, 2010; July 20, 2015","Unacceptable in new equipment as of January 1, 2019.",
Very Low Temperature Refrigeration Systems,"R-507, R-507A",AZ-50,R/N,0,"3,990",A1,"December 20, 2002; October 4, 2011",Acceptable,
Household Refrigerators and Freezers,R-441A,HCR-188C,N,0,<5,A3,"December 20, 2011; August 8, 2018",Acceptable with Use Conditions: See rule for detailed conditions.,
Household Refrigerators and Freezers,R-600a (Isobutane),,N,0,3,A3,"December 20, 2011; August 8, 2018",Acceptable with Use Conditions: See rule for detailed conditions.,
Centrifugal Chillers,R-417A,"ISCEON 59, NU-22",R/N,0,"2,350",A1,"December 6, 1999; June 16, 2010; December 1, 2016","Unacceptable in new equipment, except as otherwise allowed under a narrowed use limit, as of January 1, 2024.",
Household Refrigerators and Freezers,THR-03,,R/N,0,N/A,A1,"December 6, 1999; December 1, 2016","Unacceptable in new equipment as of January 1, 2021.",
Positive Displacement Chillers,THR-03,,R/N,0,N/A,A1,"December 6, 1999; December 1, 2016","Unacceptable in new equipment, except as otherwise allowed under a narrowed use limit, as of January 1, 2024.",Originally listed under reciprocating chillers only. 
Industrial Process Refrigeration,R-417A,"ISCEON 59, NU-22",R/N,0,"2,350",A1,"December 6, 1999; December 18, 2000; December 20, 2002; June 16, 2010",Acceptable,
Commerical Ice Machines,R-417A,"ISCEON 59, NU-22",R/N,0,"2,350",A1,"December 6, 1999; December 20, 2002; June 16, 2010",Acceptable,
Ice Skating Rinks,R-417A,"ISCEON 59, NU-22",R/N,0,"2,350",A1,"December 6, 1999; December 20, 2002; June 16, 2010",Acceptable,
Industrial Process Air Conditioning,R-417A,"ISCEON 59, NU-22",R/N,0,"2,350",A1,"December 6, 1999; December 20, 2002; June 16, 2010",Acceptable,
Refrigerated Transport,R-417A,"ISCEON 59, NU-22",R/N,0,"2,350",A1,"December 6, 1999; December 20, 2002; June 16, 2010",Acceptable,
Remote Condensing Units,R-417A,"ISCEON 59, NU-22",R/N,0,"2,350",A1,"December 6, 1999; December 20, 2002; June 16, 2010",Acceptable,
Supermarket Systems,R-417A,"ISCEON 59, NU-22",R/N,0,"2,350",A1,"December 6, 1999; December 20, 2002; June 16, 2010",Acceptable,
Water Coolers,R-417A,"ISCEON 59, NU-22",R/N,0,"2,350",A1,"December 6, 1999; December 20, 2002; June 16, 2010",Acceptable,
Cold Storage Warehouses,R-417A,"ISCEON 59, NU-22",R/N,0,"2,350",A1,"December 6, 1999; December 20, 2002; June 16, 2010; December 1, 2016","Unacceptable in new equipment as of January 1, 2023.",
Refrigerated Food Processing and Dispensing Equipment,R-417A,"ISCEON 59, NU-22",R/N,0,"2,350",A1,"December 6, 1999; December 20, 2002; June 16, 2010; December 1, 2016","Unacceptable in new equipment as of January 1, 2021.",
Stand-Alone Equipment,R-417A,"ISCEON 59, NU-22",R/N,0,"2,350",A1,"December 6, 1999; December 20, 2002; June 16, 2010; July 20, 2015","Unacceptable in: 
• new Stand-Alone Medium-Temperature Units with a compressor capacity below 2,200 Btu/hour and not containing a flooded evaporator as of January 1, 2019. 
• new Stand-Alone Medium-Temperature Units with a compressor capacity equal to or greater than 2,200 Btu/hour and Stand-Alone Medium-Temperature Units containing a flooded evaporator as of January 1, 2020. 
• new Stand-Alone Low-Temperature Units as of January 1, 2020.",
Stand-Alone Equipment,THR-03,,R/N,0,N/A,A1,"December 6, 1999; July 20, 2015","Unacceptable in:
• new Stand-Alone Medium-Temperature Units with a compressor capacity below 2,200 Btu/hour and not containing a flooded evaporator as of January 1, 2019. 
• new Stand-Alone Medium-Temperature Units with a compressor capacity equal to or greater than 2,200 Btu/hour and Stand-Alone Medium-Temperature Units containing a flooded evaporator as of January 1, 2020.",
Non-Mechanical Heat Transfer Systems,R-417A,"ISCEON 59, NU-22",R/N,0,"2,350",A1,"December 6, 1999; June 16, 2010",Acceptable,
Refrigerated Transport,Cryogenic Transport Refrigeration System,,N,0,0,A1,"December 6, 1999; June 16, 2010",Acceptable,
Residential and Light Commercial Air Conditioning and Heat Pumps ,R-417A,"ISCEON 59, NU-22",R/N,0,"2,350",A1,"December 6, 1999; June 16, 2010",Acceptable,
Centrifugal Chillers,R-417C,Hot Shot 2,R,0,"1,820",A1,"October 4, 2011",Acceptable,
Household Refrigerators and Freezers,R-417A,"ISCEON 59, NU-22",R/N,0,"2,350",A1,"December 6, 1999; June 16, 2010; December 1, 2016","Unacceptable in new equipment as of January 1, 2021.",
Positive Displacement Chillers,R-417A,"ISCEON 59, NU-22",R/N,0,"2,350",A1,"December 6, 1999; June 16, 2010; December 1, 2016","Unacceptable in new equipment, except as otherwise allowed under a narrowed use limit, as of January 1, 2024.",Not originally listed under scroll chillers.
Vending Machines,R-417A,"ISCEON 59, NU-22",R/N,0,"2,350",A1,"December 6, 1999; June 16, 2010; July 20, 2015","Unacceptable in new equipment as of January 1, 2019.",
Cold Storage Warehouses,R-410B,,N,0,"2,230",A1,"February 2, 1996; December 1, 2016","Unacceptable in new equipment as of January 1, 2023.",
Centrifugal Chillers,R-420A,Choice R-420A,R/N,0.008,"1,536",A1,"October 1, 2004",Acceptable,
Household Refrigerators and Freezers,R-410B,,N,0,"2,230",A1,"February 8, 1996; December 1, 2016","Unacceptable in new equipment as of January 1, 2021.",
Commerical Ice Machines,R-410A,"AZ-20, Suva 9100, Puron",N,0,"2,090",A1,"February 8, 1996; December 20, 2002",Acceptable,
Ice Skating Rinks,R-410A,"AZ-20, Suva 9100, Puron",N,0,"2,090",A1,"February 8, 1996; December 20, 2002",Acceptable,
Industrial Process Air Conditioning,R-410A,"AZ-20, Suva 9100, Puron",N,0,"2,090",A1,"February 8, 1996; December 20, 2002",Acceptable,
Industrial Process Refrigeration,R-410A,"AZ-20, Suva 9100, Puron",N,0,"2,090",A1,"February 8, 1996; December 20, 2002",Acceptable,
Refrigerated Transport,R-410A,"AZ-20, Suva 9100, Puron",N,0,"2,090",A1,"February 8, 1996; December 20, 2002",Acceptable,
Remote Condensing Units,R-410A,"AZ-20, Suva 9100, Puron",N,0,"2,090",A1,"February 8, 1996; December 20, 2002",Acceptable,
Residential and Light Commercial Air Conditioning and Heat Pumps ,R-410A,"AZ-20, Suva 9100, Puron",N,0,"2,090",A1,"February 8, 1996; December 20, 2002",Acceptable,
Residential Dehumidifiers,R-410A,"AZ-20, Suva 9100, Puron",N,0,"2,090",A1,"February 8, 1996; December 20, 2002",Acceptable,
Supermarket Systems,R-410A,"AZ-20, Suva 9100, Puron",N,0,"2,090",A1,"February 8, 1996; December 20, 2002",Acceptable,
Very Low Temperature Refrigeration Systems,R-407C,"Suva 407C, Klea 407C",R/N,0,"1,770",A1,"February 8, 1996; December 20, 2002",Acceptable,
Very Low Temperature Refrigeration Systems,R-410A,"AZ-20, Suva 9100, Puron",N,0,"2,090",A1,"February 8, 1996; December 20, 2002",Acceptable,
Water Coolers,R-410A,"AZ-20, Suva 9100, Puron",N,0,"2,090",A1,"February 8, 1996; December 20, 2002",Acceptable,
Cold Storage Warehouses,R-407C,"Suva 407C, Klea 407C",R/N,0,"1,770",A1,"February 8, 1996; December 20, 2002; August 21, 2003",Acceptable,
Commerical Ice Machines,R-407C,"Suva 407C, Klea 407C",R/N,0,"1,770",A1,"February 8, 1996; December 20, 2002; August 21, 2003",Acceptable,
Ice Skating Rinks,R-407C,"Suva 407C, Klea 407C",R/N,0,"1,770",A1,"February 8, 1996; December 20, 2002; August 21, 2003",Acceptable,
Industrial Process Refrigeration,R-407C,"Suva 407C, Klea 407C",R/N,0,"1,770",A1,"February 8, 1996; December 20, 2002; August 21, 2003",Acceptable,
Refrigerated Transport,R-407C,"Suva 407C, Klea 407C",R/N,0,"1,770",A1,"February 8, 1996; December 20, 2002; August 21, 2003",Acceptable,
Remote Condensing Units,R-407C,"Suva 407C, Klea 407C",R/N,0,"1,770",A1,"February 8, 1996; December 20, 2002; August 21, 2003",Acceptable,
Residential and Light Commercial Air Conditioning and Heat Pumps ,R-407C,"Suva 407C, Klea 407C",R/N,0,"1,770",A1,"February 8, 1996; December 20, 2002; August 21, 2003",Acceptable,
Residential Dehumidifiers,R-407C,"Suva 407C, Klea 407C",R/N,0,"1,770",A1,"February 8, 1996; December 20, 2002; August 21, 2003",Acceptable,
Stand-Alone Equipment,R-407C,"Suva 407C, Klea 407C",R/N,0,"1,770",A1,"February 8, 1996; December 20, 2002; August 21, 2003","Unacceptable in: 
• new Stand-Alone Medium-Temperature Units with a compressor capacity below 2,200 Btu/hour and not containing a flooded evaporator as of January 1, 2019. 
• new Stand-Alone Medium-Temperature Units with a compressor capacity equal to or greater than 2,200 Btu/hour and Stand-Alone Medium-Temperature Units containing a flooded evaporator as of January 1, 2020. 
• new Stand-Alone Low-Temperature Units as of January 1, 2020.",
Supermarket Systems,R-407C,"Suva 407C, Klea 407C",R/N,0,"1,770",A1,"February 8, 1996; December 20, 2002; August 21, 2003",Acceptable,
Water Coolers,R-407C,"Suva 407C, Klea 407C",R/N,0,"1,770",A1,"February 8, 1996; December 20, 2002; August 21, 2003",Acceptable,
Household Refrigerators and Freezers,R-407C,"Suva 407C, Klea 407C",R/N,0,"1,770",A1,"February 8, 1996; December 20, 2002; August 21, 2003; December 1, 2016","Unacceptable in new equipment as of January 1, 2021.",
Positive Displacement Chillers,R-407C,"Suva 407C, Klea 407C",R/N,0,"1,770",A1,"February 8, 1996; December 20, 2002; August 21, 2003; December 1, 2016","Unacceptable in new equipment, except as otherwise allowed under a narrowed use limit, as of January 1, 2024.",Not originally listed under scroll chillers.
Refrigerated Food Processing and Dispensing Equipment,R-407C,"Suva 407C, Klea 407C",R/N,0,"1,770",A1,"February 8, 1996; December 20, 2002; August 21, 2003; December 1, 2016","Unacceptable in new equipment as of January 1, 2021.",
Vending Machines,R-407C,"Suva 407C, Klea 407C",R/N,0,"1,770",A1,"February 8, 1996; December 20, 2002; August 21, 2003; July 20, 2015","Unacceptable in new equipment as of January 1, 2019.",
Centrifugal Chillers,R-421A,Choice R-421A,R/N,0,"2,630",A1,"September 28, 2006; June 16, 2010; December 1, 2016","Unacceptable in new equipment, except as otherwise allowed under a narrowed use limit, as of January 1, 2024.",
Centrifugal Chillers,R-422B,"ICOR XAC1, NU-22B",R/N,0,"2,530",A1,"March 29, 2006; June 16, 2010; December 1, 2016","Unacceptable in new equipment, except as otherwise allowed under a narrowed use limit, as of January 1, 2024.",
Cold Storage Warehouses,R-410A,"AZ-20, Suva 9100, Puron",N,0,"2,090",A1,"February 8, 1996; December 20, 2002; December 1, 2016","Unacceptable in new equipment as of January 1, 2023.",
Household Refrigerators and Freezers,R-410A,"AZ-20, Suva 9100, Puron",N,0,"2,090",A1,"February 8, 1996; December 20, 2002; December 1, 2016","Unacceptable in new equipment as of January 1, 2021.",
Positive Displacement Chillers,R-410A,"AZ-20, Suva 9100, Puron",N,0,"2,090",A1,"February 8, 1996; December 20, 2002; December 1, 2016","Unacceptable in new equipment, except as otherwise allowed under a narrowed use limit, as of January 1, 2024.",Not originally listed under scroll chillers.
Refrigerated Food Processing and Dispensing Equipment,R-410A,"AZ-20, Suva 9100, Puron",N,0,"2,090",A1,"February 8, 1996; December 20, 2002; December 1, 2016","Unacceptable in new equipment as of January 1, 2021.",
Stand-Alone Equipment,R-410A,"AZ-20, Suva 9100, Puron",N,0,"2,090",A1,"February 8, 1996; December 20, 2002; July 20, 2015","Unacceptable in: 
• new Stand-Alone Medium-Temperature Units with a compressor capacity below 2,200 Btu/hour and not containing a flooded evaporator as of January 1, 2019. 
• new Stand-Alone Medium-Temperature Units with a compressor capacity equal to or greater than 2,200 Btu/hour and Stand-Alone Medium-Temperature Units containing a flooded evaporator as of January 1, 2020. 
• new Stand-Alone Low-Temperature Units as of January 1, 2020.",
Vending Machines,R-410A,"AZ-20, Suva 9100, Puron",N,0,"2,090",A1,"February 8, 1996; December 20, 2002; July 20, 2015","Unacceptable in new equipment as of January 1, 2019.",
Cold Storage Warehouses,FRIGC FR-12 (HCFC Blend Beta),FRIGC FR-12,R/N,0.009,"1,081",A1,"February 8, 1996; February 24, 1998",Acceptable,
Commerical Ice Machines,FRIGC FR-12 (HCFC Blend Beta),FRIGC FR-12,R/N,0.009,"1,081",A1,"February 8, 1996; February 24, 1998",Acceptable,
Industrial Process Refrigeration,FRIGC FR-12 (HCFC Blend Beta),FRIGC FR-12,R/N,0.009,"1,081",A1,"February 8, 1996; February 24, 1998",Acceptable,
Positive Displacement Chillers,FRIGC FR-12 (HCFC Blend Beta),FRIGC FR-12,R/N,0.009,"1,081",A1,"February 8, 1996; February 24, 1998",Acceptable,Originally listed under reciprocating chillers only. 
Remote Condensing Units,FRIGC FR-12 (HCFC Blend Beta),FRIGC FR-12,R/N,0.009,"1,081",A1,"February 8, 1996; February 24, 1998",Acceptable,
Residential Dehumidifiers,FRIGC FR-12 (HCFC Blend Beta),FRIGC FR-12,R/N,0.009,"1,081",A1,"February 8, 1996; February 24, 1998",Acceptable,
Stand-Alone Equipment,FRIGC FR-12 (HCFC Blend Beta),FRIGC FR-12,R/N,0.009,"1,081",A1,"February 8, 1996; February 24, 1998",Acceptable,
Supermarket Systems,FRIGC FR-12 (HCFC Blend Beta),FRIGC FR-12,R/N,0.009,"1,081",A1,"February 8, 1996; February 24, 1998",Acceptable,
Supermarket Systems,FRIGC FR-12 (HCFC Blend Beta),FRIGC FR-12,R/N,0.009,"1,081",A1,"February 8, 1996; February 24, 1998",Acceptable,
Vending Machines,FRIGC FR-12 (HCFC Blend Beta),FRIGC FR-12,R/N,0.009,"1,081",A1,"February 8, 1996; February 24, 1998",Acceptable,
Water Coolers,FRIGC FR-12 (HCFC Blend Beta),FRIGC FR-12,R/N,0.009,"1,081",A1,"February 8, 1996; February 24, 1998",Acceptable,
Ice Skating Rinks,R-410B,,N,0,"2,230",A1,"February 8, 1996; June 16, 2010",Acceptable,
Industrial Process Refrigeration,R-410B,,N,0,"2,230",A1,"February 8, 1996; June 16, 2010",Acceptable,
Remote Condensing Units,R-410B,,N,0,"2,230",A1,"February 8, 1996; June 16, 2010",Acceptable,
Supermarket Systems,R-410B,,N,0,"2,230",A1,"February 8, 1996; June 16, 2010",Acceptable,
Centrifugal Chillers,R-422C,ICOR XLT1,R/N,0,"3,390",A1,"March 29, 2006; June 16, 2010; December 1, 2016","Unacceptable in new equipment, except as otherwise allowed under a narrowed use limit, as of January 1, 2024.",
Positive Displacement Chillers,R-410B,,N,0,"2,230",A1,"February 8, 1996; June 16, 2010; December 1, 2016","Unacceptable in new equipment, except as otherwise allowed under a narrowed use limit, as of January 1, 2024.",Not originally listed under scroll chillers.
Refrigerated Food Processing and Dispensing Equipment,R-410B,,N,0,"2,230",A1,"February 8, 1996; June 16, 2010; December 1, 2016","Unacceptable in new equipment as of January 1, 2021.",
Stand-Alone Equipment,R-410B,,N,0,"2,230",A1,"February 8, 1996; June 16, 2010; July 20, 2015","Unacceptable in: 
• new Stand-Alone Medium-Temperature Units with a compressor capacity below 2,200 Btu/hour and not containing a flooded evaporator as of January 1, 2019. 
• new Stand-Alone Medium-Temperature Units with a compressor capacity equal to or greater than 2,200 Btu/hour and Stand-Alone Medium-Temperature Units containing a flooded evaporator as of January 1, 2020. 
• new Stand-Alone Low-Temperature Units as of January 1, 2020.",
Vending Machines,R-410B,,R/N,0,"2,230",A1,"February 8, 1996; June 16, 2010; July 20, 2015","Unacceptable in new equipment as of January 1, 2019.",
Industrial Process Refrigeration,HC Blend B,Original formulation of HC-12a,R/N,0,4,A3,"January 13 1995; June 16, 2010",Acceptable,
Household Refrigerators and Freezers,"R-507, R-507A",AZ-50,R/N,0,"3,990",A1,"January 13, 1995; December 20, 2002; December 1, 2016","Unacceptable in new equipment as of January 1, 2021.",
Industrial Process Air Conditioning,HFC-134a,134a,N,0,"1,430",A1,"January 13, 1995; June 16, 2010",Acceptable,Applicable to new uses below 125°F ambient.
Industrial Process Refrigeration,"R-744 (Carbon Dioxide, CO2)",,R/N,0,1,A1,"January 13, 1995; June 16, 2010",Acceptable,
Non-Mechanical Heat Transfer Systems,"R-744 (Carbon Dioxide, CO2)",,R/N,0,1,A1,"January 13, 1995; June 16, 2010",Acceptable,
Very Low Temperature Refrigeration Systems,"R-744 (Carbon Dioxide, CO2)",,R/N,0,1,A1,"January 13, 1995; June 16, 2010",Acceptable,
Very Low Temperature Refrigeration Systems,R-1150 (Ethylene), ,N,0,3.7,A3,"April 28, 2023",Acceptable with Use Conditions and Narrowed Use Limits: See rule for detailed conditions.,
Household Refrigerators and Freezers,R-437A,"KDD6, ISCEON MO49 Plus",R/N,0,"1,810",A1,"January 2, 2009; December 1, 2016","Unacceptable in new equipment as of January 1, 2021.",
Positive Displacement Chillers,R-437A,"KDD6, ISCEON MO49 Plus",R/N,0,"1,810",A1,"January 2, 2009; December 1, 2016","Unacceptable in new equipment, except as otherwise allowed under a narrowed use limit, as of January 1, 2024.",Not originally listed under scroll chillers.
Refrigerated Food Processing and Dispensing Equipment,R-437A,"KDD6, ISCEON MO49 Plus",R/N,0,"1,810",A1,"January 2, 2009; December 1, 2016","Unacceptable in new equipment as of January 1, 2021.",
Stand-Alone Equipment,R-437A,"KDD6, ISCEON MO49 Plus",R/N,0,"1,810",A1,"January 2, 2009; July 20, 2015","Unacceptable in: 
• new Stand-Alone Medium-Temperature Units with a compressor capacity below 2,200 Btu/hour and not containing a flooded evaporator as of January 1, 2019. 
• new Stand-Alone Medium-Temperature Units with a compressor capacity equal to or greater than 2,200 Btu/hour and Stand-Alone Medium-Temperature Units containing a flooded evaporator as of January 1, 2020. 
• new Stand-Alone Low-Temperature Units as of January 1, 2020.",
Vending Machines,R-437A,"KDD6, ISCEON MO49 Plus",R/N,0,"1,810",A1,"January 2, 2009; July 20, 2015","Unacceptable in new equipment as of January 1, 2019.",
Passenger Air Conditioning in Buses and Trains,R-424A,RS-44,R/N,0,"2,440",A1,"January 2, 2009; June 16, 2010",Acceptable,
Passenger Air Conditioning in Buses and Trains,R-427A,Forane 427A,R,0,"2,140",A1,"January 2, 2009; June 16, 2010",Acceptable,
Passenger Air Conditioning in Buses and Trains,R-434A,RS-45,R/N,0,"3,250",A1,"January 2, 2009; June 16, 2010",Acceptable,
Positive Displacement Chillers,R-427A,Forane 427A,R,0,"2,140",A1,"January 2, 2009; June 16, 2010",Acceptable,Not originally listed under scroll chillers.
Refrigerated Food Processing and Dispensing Equipment,R-427A,Forane 427A,R,0,"2,140",A1,"January 2, 2009; June 16, 2010",Acceptable,
Remote Condensing Units,R-427A,Forane 427A,R,0,"2,140",A1,"January 2, 2009; June 16, 2010",Acceptable,
Residential and Light Commercial Air Conditioning and Heat Pumps ,R-437A,"KDD6, ISCEON MO49 Plus",R/N,0,"1,810",A1,"January 2, 2009; June 16, 2010",Acceptable,
Residential Dehumidifiers,R-437A,"KDD6, ISCEON MO49 Plus",R/N,0,"1,810",A1,"January 2, 2009; June 16, 2010",Acceptable,
Stand-Alone Equipment,R-427A,Forane 427A,R,0,"2,140",A1,"January 2, 2009; June 16, 2010",Acceptable,
Supermarket Systems,R-427A,Forane 427A,R,0,"2,140",A1,"January 2, 2009; June 16, 2010",Acceptable,
Stand-Alone Equipment,R-448A,Solstice® N-40,R/N,0,"1,390",A1,"July 16, 2015; May 6, 2021","Acceptable: Low temperature (i.e., temperatures at or below 32°F (0 °C)) stand-alone equipment only.
Acceptable with Narrowed Use Limits: New medium- temperature (i.e., temperatures above 32°F (0 °C)) stand-alone equipment only. See May 6, 2021 rule for detailed use limits.",
Stand-Alone Equipment,R-449A,Opteon™ XP 40,R/N,0,"1,400",A1,"July 16, 2015; May 6, 2021","Acceptable: Low temperature (i.e., temperatures at or below 32°F (0 °C)) stand-alone equipment only.
Acceptable with Narrowed Use Limits: New medium- temperature (i.e., temperatures above 32°F (0 °C)) stand-alone equipment only. See May 6, 2021 rule for detailed use limits.",
Non-Mechanical Heat Transfer Systems,Volatile Methyl Siloxanes,,R/N,0,< 20,N/A,"July 28, 1995; June 16, 2010",Acceptable,
Non-Mechanical Heat Transfer Systems,Water,,R/N,0,N/A,A1,"July 28, 1995; June 16, 2010",Acceptable,
Household Refrigerators and Freezers,Ammonia Absorption,,R/N,0,0,B2,"July 28, 1995; September 5, 1996",Acceptable,
"Passenger Air Conditioning in Light-Duty, Medium-Duty, Heavy-Duty and Off-Road Vehicles",R-416A ,"FRIGC FR-12, HCFC Blend Beta",R/N,0.009,"1,081",A1,"June 13, 1995; July 20, 2015",Unacceptable as of MY 2017. Detailed conditions apply - see rule.,
Centrifugal Chillers,R-422D,ISCEON MO29,R/N,0,"2,730",A1,"September 28, 2006; June 16, 2010; December 1, 2016","Unacceptable in new equipment, except as otherwise allowed under a narrowed use limit, as of January 1, 2024.",
Centrifugal Chillers,R-423A,ISCEON 39TC,R/N,0,"2,280",A1,"March 22, 2002; June 16, 2010; December 1, 2016","Unacceptable in new equipment, except as otherwise allowed under a narrowed use limit, as of January 1, 2024.",
Cold Storage Warehouses,R-438A,"KDD5, ISCEON MO99",R/N,0,"2,270",A1,"June 16, 2010; December 1, 2016","Unacceptable in new equipment as of January 1, 2023.",
Cold Storage Warehouses,RS-44 (2003 formulation),,R/N,0,"2,420",A1,"June 16, 2010; December 1, 2016","Unacceptable in new equipment as of January 1, 2023.",
Positive Displacement Chillers,R-125/R-134a/R-600a (28.1/70.0/1.9),NU-22 old composition,R/N,0,"1,990",A1,"June 16, 2010; December 1, 2016","Unacceptable in new equipment, except as otherwise allowed under a narrowed use limit, as of January 1, 2024.",Not originally listed under scroll chillers.
Positive Displacement Chillers,RS-44 (2003 formulation),,R/N,0,"2,420",A1,"June 16, 2010; December 1, 2016","Unacceptable in new equipment, except as otherwise allowed under a narrowed use limit, as of January 1, 2024.",Not originally listed under scroll chillers.
Refrigerated Food Processing and Dispensing Equipment,R-125/R-290/R-134a/R-600a (55.0/1.0/42.5/1.5),ICOR AT-22,R/N,0,"2,530",A1,"June 16, 2010; December 1, 2016","Unacceptable in new equipment as of January 1, 2021.",
Refrigerated Food Processing and Dispensing Equipment,RS-44 (2003 formulation),,R/N,0,"2,420",A1,"June 16, 2010; December 1, 2016","Unacceptable in new equipment as of January 1, 2021.",
Stand-Alone Equipment,R-125/R-290/R-134a/R-600a (55.0/1.0/42.5/1.5),ICOR AT-22,R/N,0,"2,530",A1,"June 16, 2010; July 20, 2015","Unacceptable in: 
• new Stand-Alone Medium-Temperature Units with a compressor capacity below 2,200 Btu/hour and not containing a flooded evaporator as of January 1, 2019. 
• new Stand-Alone Medium-Temperature Units with a compressor capacity equal to or greater than 2,200 Btu/hour and Stand-Alone Medium-Temperature Units containing a flooded evaporator as of January 1, 2020. 
• new Stand-Alone Low-Temperature Units as of January 1, 2020.",
Stand-Alone Equipment,RS-44 (2003 formulation),,R/N,0,"2,420",A1,"June 16, 2010; July 20, 2015","Unacceptable in: 
• new Stand-Alone Medium-Temperature Units with a compressor capacity below 2,200 Btu/hour and not containing a flooded evaporator as of January 1, 2019. 
• new Stand-Alone Medium-Temperature Units with a compressor capacity equal to or greater than 2,200 Btu/hour and Stand-Alone Medium-Temperature Units containing a flooded evaporator as of January 1, 2020. 
• new Stand-Alone Low-Temperature Units as of January 1, 2020.",
Residential and Light Commercial Air Conditioning and Heat Pumps ,HFC-134a,134a,R/N,0,"1,430",A1,"June 16, 2010; July 21, 2017",Acceptable,
"Passenger Air Conditioning in Light-Duty, Medium-Duty, Heavy-Duty and Off-Road Vehicles",GHG-X5,GHG-X5,R/N,0.032,"2,377",A1,"June 3, 1997; July 20, 2015",Unacceptable as of MY 2017. Detailed conditions apply - see notice.,
Non-Mechanical Heat Transfer Systems,HFE-7100,,R/N,0,297,A1,"June 8, 1999; June 16, 2010",Acceptable: Only acceptable for use as a secondary heat transfer fluid in not-in-kind systems.,
Household Refrigerators and Freezers,HFC-134a,134a,R/N,0,"1,430",A1,"March 18, 1994; December 1, 2016","Unacceptable in new equipment as of January 1, 2021.",
Refrigerated Food Processing and Dispensing Equipment,HFC-227ea,,N,0,"3,220",A1,"March 18, 1994; December 1, 2016","Unacceptable in new equipment as of January 1, 2021.",
Commerical Ice Machines,R-404A,HP-62,R/N,0,"3,920",A1,"March 18, 1994; December 20, 2002",Acceptable,
Refrigerated Transport,R-404A,HP-62,R/N,0,"3,920",A1,"March 18, 1994; December 20, 2002",Acceptable,
Cold Storage Warehouses,R-404A,HP-62,R/N,0,"3,920",A1,"March 18, 1994; December 20, 2002; December 1, 2016","Unacceptable in new equipment as of January 1, 2023.",
Refrigerated Food Processing and Dispensing Equipment,R-404A,HP-62,R/N,0,"3,920",A1,"March 18, 1994; December 20, 2002; December 1, 2016","Unacceptable in new equipment as of January 1, 2021.",
Remote Condensing Units,R-404A,HP-62,R/N,0,"3,920",A1,"March 18, 1994; December 20, 2002; July 20, 2015","Unacceptable in:
• retrofit equipment as of July 20, 2016. 
• new equipment as of January 1, 2018.",
Stand-Alone Equipment,R-404A,HP-62,R/N,0,"3,920",A1,"March 18, 1994; December 20, 2002; July 20, 2015","Unacceptable in:
• retrofit equipment as of July 20, 2016. 
• new Stand-Alone Medium-Temperature Units with a compressor capacity below 2,200 Btu/hour and not containing a flooded evaporator as of January 1, 2019. 
• new Stand-Alone Medium-Temperature Units with a compressor capacity equal to or greater than 2,200 Btu/hour and Stand-Alone Medium-Temperature Units containing a flooded evaporator as of January 1, 2020.
• new Stand-Alone Low-Temperature Units as of January 1, 2020.",
Supermarket Systems,R-404A,HP-62,R/N,0,"3,920",A1,"March 18, 1994; December 20, 2002; July 20, 2015","Unacceptable in: 
• retrofit equipment as of July 20, 2016. 
• new equipment as of January 1, 2017.",
Refrigerated Food Processing and Dispensing Equipment,"R-507, R-507A",AZ-50,R/N,0,"3,990",A1,"March 18, 1994; December 20, 2002; September 30, 2009; December 1, 2016","Unacceptable in new equipment as of January 1, 2021.",
Remote Condensing Units,"R-507, R-507A",AZ-50,R/N,0,"3,990",A1,"March 18, 1994; December 20, 2002; September 30, 2009; July 20, 2015","Unacceptable in:
• retrofit equipment as of July 20, 2016. 
• new equipment as of January 1, 2018.",
Stand-Alone Equipment,"R-507, R-507A",AZ-50,R/N,0,"3,990",A1,"March 18, 1994; December 20, 2002; September 30, 2009; July 20, 2015","Unacceptable in:
• retrofit equipment as of July 20, 2016. 
• new Stand-Alone Medium-Temperature Units with a compressor capacity below 2,200 Btu/hour and not containing a flooded evaporator as of January 1, 2019. 
• new Stand-Alone Medium-Temperature Units with a compressor capacity equal to or greater than 2,200 Btu/hour and Stand-Alone Medium-Temperature Units containing a flooded evaporator as of January 1, 2020.
• new Stand-Alone Low-Temperature Units as of January 1, 2020.",
Supermarket Systems,"R-507, R-507A",AZ-50,R/N,0,"3,990",A1,"March 18, 1994; December 20, 2002; September 30, 2009; July 20, 2015","Unacceptable in:
• retrofit equipment as of July 20, 2016. 
• new equipment as of January 1, 2017.",
Household Refrigerators and Freezers,R-404A,HP-62,R/N,0,"3,920",A1,"March 18, 1994; January 13, 1995; December 20, 2002; December 1, 2016","Unacceptable in new equipment as of January 1, 2021.",
"Passenger Air Conditioning in Light-Duty, Medium-Duty, Heavy-Duty and Off-Road Vehicles",HFC-134a,134a,R/N,0,"1,430",A1,"March 18, 1994; July 20, 2015","Unacceptable as of Model Year (MY) 2021, except where allowed under a narrowed use limit through MY 2025. 
Acceptable, subject to narrowed use limits, for vehicles exported to countries with insufficient servicing infrastructure to support other alternatives, for MY 2021 through MY 2025. 
Unacceptable for all newly manufactured vehicles as of MY 2026. Detailed conditions apply - see rule.",
Remote Condensing Units,HFC-227ea,,N,0,"3,220",A1,"March 18, 1994; July 20, 2015","Unacceptable in new equipment as of January 1, 2017.",
Stand-Alone Equipment,HFC-134a,134a,R/N,0,"1,430",A1,"March 18, 1994; July 20, 2015","Unacceptable in:
• new Stand-Alone Medium-Temperature Units with a compressor capacity below 2,200 Btu/hour and not containing a flooded evaporator as of January 1, 2019. 
• new Stand-Alone Medium-Temperature Units with a compressor capacity equal to or greater than 2,200 Btu/hour and Stand-Alone Medium-Temperature Units containing a flooded evaporator as of January 1, 2020.",
Stand-Alone Equipment,HFC-227ea,,N,0,"3,220",A1,"March 18, 1994; July 20, 2015","Unacceptable in: 
• new Stand-Alone Medium-Temperature Units with a compressor capacity below 2,200 Btu/hour and not containing a flooded evaporator as of January 1, 2019. 
• new Stand-Alone Medium-Temperature Units with a compressor capacity equal to or greater than 2,200 Btu/hour and Stand-Alone Medium-Temperature Units containing a flooded evaporator as of January 1, 2020. 
• new Stand-Alone Low-Temperature Units as of January 1, 2020.",
Supermarket Systems,HFC-227ea,,N,0,"3,220",A1,"March 18, 1994; July 20, 2015","Unacceptable in new equipment as of January 1, 2017.",
Centrifugal Chillers,R-424A,RS-44,R/N,0,"2,440",A1,"September 28, 2006; June 16, 2010; December 1, 2016","Unacceptable in new equipment, except as otherwise allowed under a narrowed use limit, as of January 1, 2024.",
Centrifugal Chillers,R-434A,RS-45,R/N,0,"3,250",A1,"October 4, 2007; June 16, 2010; December 1, 2016","Unacceptable in new equipment, except as otherwise allowed under a narrowed use limit, as of January 1, 2024.",
Cold Storage Warehouses,Desiccant Cooling,,N,0,N/A,N/A,"March 18, 1994; June 16, 2010",Acceptable,
Cold Storage Warehouses,Evaporative Cooling,,N,0,N/A,N/A,"March 18, 1994; June 16, 2010",Acceptable,
Cold Storage Warehouses,HFC-134a,134a,R/N,0,"1,430",A1,"March 18, 1994; June 16, 2010",Acceptable,
Cold Storage Warehouses,Pressure stepdown,,N,0,0,N/A,"March 18, 1994; June 16, 2010",Acceptable,
Commerical Ice Machines,HFC-134a,134a,N,0,"1,430",A1,"March 18, 1994; June 16, 2010",Acceptable,
Ice Skating Rinks,HFC-134a,134a,R/N,0,"1,430",A1,"March 18, 1994; June 16, 2010",Acceptable,
Industrial Process Refrigeration,Desiccant Cooling,,N,0,N/A,N/A,"March 18, 1994; June 16, 2010",Acceptable,
Industrial Process Refrigeration,Direct Nitrogen Expansion,,N,0,0,A1,"March 18, 1994; June 16, 2010",Acceptable,
Industrial Process Refrigeration,Evaporative Cooling,,N,0,N/A,N/A,"March 18, 1994; June 16, 2010",Acceptable,
Industrial Process Refrigeration,HC Blend A,OZ-12,R/N,0,3,A3,"March 18, 1994; June 16, 2010",Acceptable,
Industrial Process Refrigeration,HFC-134a,134a,R/N,0,"1,430",A1,"March 18, 1994; June 16, 2010",Acceptable,
Industrial Process Refrigeration,HFC-227ea,,N,0,"3,220",A1,"March 18, 1994; June 16, 2010",Acceptable with Use Conditions: When manufactured using any process that does not convert perfluoroisobutylene (PFIB) directly to HFC-236fa in a single step.,
Industrial Process Refrigeration,R-1270 (Propylene),,R/N,0,1.8,A3,"March 18, 1994; June 16, 2010",Acceptable,
Industrial Process Refrigeration,R-290 (Propane),,R/N,0,3,A3,"March 18, 1994; June 16, 2010",Acceptable,
Industrial Process Refrigeration,R-600 (Butane),,R/N,0,3,A3,"March 18, 1994; June 16, 2010",Acceptable,
Industrial Process Refrigeration,Stirling Cycle,,N,0,N/A,N/A,"March 18, 1994; June 16, 2010",Acceptable,
Refrigerated Transport,Direct Nitrogen Expansion,,N,0,0,A1,"March 18, 1994; June 16, 2010",Acceptable,
Refrigerated Transport,HFC-134a,134a,R/N,0,"1,430",A1,"March 18, 1994; June 16, 2010",Acceptable,
Refrigerated Transport,Stirling Cycle,,N,0,N/A,N/A,"March 18, 1994; June 16, 2010",Acceptable,
Residential Dehumidifiers,HFC-134a,134a,R/N,0,"1,430",A1,"March 18, 1994; June 16, 2010",Acceptable,
Vending Machines,Stirling Cycle,,N,0,N/A,N/A,"March 18, 1994; June 16, 2010",Acceptable,
Water Coolers,HFC-134a,134a,R/N,0,"1,430",A1,"March 18, 1994; June 16, 2010",Acceptable,
Centrifugal Chillers,R-438A,"KDD5, ISCEON MO99",R/N,0,"2,270",A1,"October 4, 2007; June 16, 2010; December 1, 2016","Unacceptable in new equipment, except as otherwise allowed under a narrowed use limit, as of January 1, 2024.",
Centrifugal Chillers,R-443A,,N,0,2.5,A3,"December 1, 2016","Unacceptable as of January 3, 2017.",
Cold Storage Warehouses,HFC-227ea,,N,0,"3,220",A1,"March 18, 1994; June 16, 2010; December 1, 2016","Unacceptable in new equipment as of January 1, 2023.",
Positive Displacement Chillers,HFC-134a,134a,R/N,0,"1,430",A1,"March 18, 1994; June 16, 2010; December 1, 2016","Unacceptable in new equipment, except as otherwise allowed under a narrowed use limit for military marine vessels and human-rated spacecraft and related support equipment, as of January 1, 2024.",Not originally listed under scroll chillers.
Positive Displacement Chillers,HFC-227ea,,N,0,"3,220",A1,"March 18, 1994; June 16, 2010; December 1, 2016","Unacceptable in new equipment, except as otherwise allowed under a narrowed use limit, as of January 1, 2024.",Not originally listed under scroll chillers.
Vending Machines,HFC-134a,134a,R/N,0,"1,430",A1,"March 18, 1994; June 16, 2010; July 20, 2015","Unacceptable in new equipment as of January 1, 2019.",
Industrial Process Refrigeration,R-404A,HP-62,R/N,0,"3,920",A1,"March 18, 1994; March 22, 2002",Acceptable,
Cold Storage Warehouses,Ammonia Vapor Compression,,N,0,0,B2,"March 18, 1994; September 5, 1996",Acceptable,
Commerical Ice Machines,Ammonia Vapor Compression,,N,0,0,B2,"March 18, 1994; September 5, 1996",Acceptable,
Refrigerated Food Processing and Dispensing Equipment,Ammonia Vapor Compression with Secondary Loop,,N,0,0,B2,"March 18, 1994; September 5, 1996",Acceptable,
Remote Condensing Units,Ammonia Vapor Compression with Secondary Loop,,N,0,0,B2,"March 18, 1994; September 5, 1996",Acceptable,
Stand-Alone Equipment,Ammonia Vapor Compression with Secondary Loop,,N,0,0,B2,"March 18, 1994; September 5, 1996",Acceptable,
Supermarket Systems,Ammonia Vapor Compression with Secondary Loop,,N,0,0,B2,"March 18, 1994; September 5, 1996",Acceptable,
Commerical Ice Machines,"R-507, R-507A",AZ-50,R/N,0,"3,990",A1,"March 18, 1994; September 5, 1996; December 20, 2002",Acceptable,
Industrial Process Refrigeration,"R-507, R-507A",AZ-50,R/N,0,"3,990",A1,"March 18, 1994; September 5, 1996; December 20, 2002",Acceptable,
Refrigerated Transport,"R-507, R-507A",AZ-50,R/N,0,"3,990",A1,"March 18, 1994; September 5, 1996; December 20, 2002",Acceptable,
Cold Storage Warehouses,"R-507, R-507A",AZ-50,R/N,0,"3,990",A1,"March 18, 1994; September 5, 1996; December 20, 2002; December 1, 2016","Unacceptable in new equipment as of January 1, 2023.",
Centrifugal Chillers,R-450A,Solstice® N-13,R/N,0,601,A1,"October 21, 2014",Acceptable,
Ice Skating Rinks,Ammonia Vapor Compression,,R/N,0,0,B2,"March 18, 1994; September 5, 1996; June 16, 2010",Acceptable,
Industrial Process Refrigeration,Ammonia Vapor Compression,,N,0,0,B2,"March 18, 1994; September 5, 1996; June 16, 2010",Acceptable,
Ice Skating Rinks,R-423A,ISCEON 39TC,R/N,0,"2,280",A1,"March 22, 2002; June 16, 2010",Acceptable,
Industrial Process Air Conditioning,R-423A,ISCEON 39TC,R/N,0,"2,280",A1,"March 22, 2002; June 16, 2010",Acceptable,
Industrial Process Refrigeration,HFE-7000,,R/N,0,575,A1,"March 22, 2002; June 16, 2010",Acceptable,
Industrial Process Refrigeration,R-423A,ISCEON 39TC,R/N,0,"2,280",A1,"March 22, 2002; June 16, 2010",Acceptable,
Non-Mechanical Heat Transfer Systems,HFE-7000,,R/N,0,575,A1,"March 22, 2002; June 16, 2010",Acceptable,
Centrifugal Chillers,R-452B,Opteon™ XL55,N,0,698,A2L,"April 28, 2023",Acceptable with Use Conditions: See rule for detailed conditions.,
Cold Storage Warehouses,R-423A,ISCEON 39TC,R/N,0,"2,280",A1,"March 22, 2002; June 16, 2010; December 1, 2016","Unacceptable in new equipment as of January 1, 2023.",
Cold Storage Warehouses,R-422B,"ICOR XAC1, NU-22B",R/N,0,"2,530",A1,"March 29, 2006; December 1, 2016","Unacceptable in new equipment as of January 1, 2023.",
Cold Storage Warehouses,R-422C,ICOR XLT1,R/N,0,"3,390",A1,"March 29, 2006; December 1, 2016","Unacceptable in new equipment as of January 1, 2023.",
Household Refrigerators and Freezers,R-125/R-290/R-134a/R-600a (55.0/1.0/42.5/1.5),ICOR AT-22,R/N,0,"2,530",A1,"March 29, 2006; December 1, 2016","Unacceptable in new equipment as of January 1, 2021.",
Household Refrigerators and Freezers,R-422B,"ICOR XAC1, NU-22B",R/N,0,"2,530",A1,"March 29, 2006; December 1, 2016","Unacceptable in new equipment as of January 1, 2021.",
Household Refrigerators and Freezers,R-422C,ICOR XLT1,R/N,0,"3,390",A1,"March 29, 2006; December 1, 2016","Unacceptable in new equipment as of January 1, 2021.",
Refrigerated Food Processing and Dispensing Equipment,R-422B,"ICOR XAC1, NU-22B",R/N,0,"2,530",A1,"March 29, 2006; December 1, 2016","Unacceptable in new equipment as of January 1, 2021.",
Stand-Alone Equipment,R-422B,"ICOR XAC1, NU-22B",R/N,0,"2,530",A1,"March 29, 2006; July 20, 2015","Unacceptable in: 
• new Stand-Alone Medium-Temperature Units with a compressor capacity below 2,200 Btu/hour and not containing a flooded evaporator as of January 1, 2019. 
• new Stand-Alone Medium-Temperature Units with a compressor capacity equal to or greater than 2,200 Btu/hour and Stand-Alone Medium-Temperature Units containing a flooded evaporator as of January 1, 2020. 
• new Stand-Alone Low-Temperature Units as of January 1, 2020.",
Ice Skating Rinks,R-125/R-290/R-134a/R-600a (55.0/1.0/42.5/1.5),ICOR AT-22,R/N,0,"2,530",A1,"March 29, 2006; June 16, 2010",Acceptable,
Ice Skating Rinks,R-422B,"ICOR XAC1, NU-22B",R/N,0,"2,530",A1,"March 29, 2006; June 16, 2010",Acceptable,
Ice Skating Rinks,R-422C,ICOR XLT1,R/N,0,"3,390",A1,"March 29, 2006; June 16, 2010",Acceptable,
Industrial Process Refrigeration,R-125/R-290/R-134a/R-600a (55.0/1.0/42.5/1.5),ICOR AT-22,R/N,0,"2,530",A1,"March 29, 2006; June 16, 2010",Acceptable,
Industrial Process Refrigeration,R-422B,"ICOR XAC1, NU-22B",R/N,0,"2,530",A1,"March 29, 2006; June 16, 2010",Acceptable,
Industrial Process Refrigeration,R-422C,ICOR XLT1,R/N,0,"3,390",A1,"March 29, 2006; June 16, 2010",Acceptable,
Non-Mechanical Heat Transfer Systems,HFC-245fa,Genetron® 245fa,R/N,0,"1,030",A1,"March 29, 2006; June 16, 2010",Acceptable,
Passenger Air Conditioning in Buses and Trains,R-422B,"ICOR XAC1, NU-22B",R/N,0,"2,530",A1,"March 29, 2006; June 16, 2010",Acceptable,
Centrifugal Chillers,R-454A,Opteon™ XL40,N,0,240,A2L,"April 28, 2023",Acceptable with Use Conditions: See rule for detailed conditions.,
Centrifugal Chillers,R-454B,Opteon™ XL41,N,0,466,A2L,"April 28, 2023",Acceptable with Use Conditions: See rule for detailed conditions.,
Centrifugal Chillers,R-454C,Opteon™ XL20,N,0,148,A2L,"April 28, 2023",Acceptable with Use Conditions: See rule for detailed conditions.,
Centrifugal Chillers,"R-507, R-507A",AZ-50,R/N,0,"3,990",A1,"September 5, 1996; December 20, 2002; December 1, 2016","Unacceptable in new equipment, except as otherwise allowed under a narrowed use limit, as of January 1, 2024.",
Positive Displacement Chillers,R-125/R-290/R-134a/R-600a (55.0/1.0/42.5/1.5),ICOR AT-22,R/N,0,"2,530",A1,"March 29, 2006; June 16, 2010; December 1, 2016","Unacceptable in new equipment, except as otherwise allowed under a narrowed use limit, as of January 1, 2024.",Not originally listed under scroll chillers.
Positive Displacement Chillers,R-422B,"ICOR XAC1, NU-22B",R/N,0,"2,530",A1,"March 29, 2006; June 16, 2010; December 1, 2016","Unacceptable in new equipment, except as otherwise allowed under a narrowed use limit, as of January 1, 2024.",Not originally listed under scroll chillers.
Positive Displacement Chillers,R-422C,ICOR XLT1,R/N,0,"3,390",A1,"March 29, 2006; June 16, 2010; December 1, 2016","Unacceptable in new equipment, except as otherwise allowed under a narrowed use limit, as of January 1, 2024.",Not originally listed under scroll chillers.
Refrigerated Food Processing and Dispensing Equipment,R-422C,ICOR XLT1,R/N,0,"3,390",A1,"March 29, 2006; June 16, 2010; December 1, 2016","Unacceptable in new equipment as of January 1, 2021.",
Remote Condensing Units,R-422C,ICOR XLT1,R/N,0,"3,390",A1,"March 29, 2006; June 16, 2010; July 20, 2015","Unacceptable in:
• retrofit equipment as of July 20, 2016. 
• new equipment as of January 1, 2018.",
Stand-Alone Equipment,R-422C,ICOR XLT1,R/N,0,"3,390",A1,"March 29, 2006; June 16, 2010; July 20, 2015","Unacceptable in: 
• new Stand-Alone Medium-Temperature Units with a compressor capacity below 2,200 Btu/hour and not containing a flooded evaporator as of January 1, 2019. 
• new Stand-Alone Medium-Temperature Units with a compressor capacity equal to or greater than 2,200 Btu/hour and Stand-Alone Medium-Temperature Units containing a flooded evaporator as of January 1, 2020. 
• new Stand-Alone Low-Temperature Units as of January 1, 2020.",
Supermarket Systems,R-422C,ICOR XLT1,R/N,0,"3,390",A1,"March 29, 2006; June 16, 2010; July 20, 2015","Unacceptable in:
• retrofit equipment as of July 20, 2016. 
• new equipment as of January 1, 2017.",
Vending Machines,R-125/R-290/R-134a/R-600a (55.0/1.0/42.5/1.5),ICOR AT-22,R/N,0,"2,530",A1,"March 29, 2006; June 16, 2010; July 20, 2015","Unacceptable in new equipment as of January 1, 2019.",
Vending Machines,R-422B,"ICOR XAC1, NU-22B",R/N,0,"2,530",A1,"March 29, 2006; June 16, 2010; July 20, 2015","Unacceptable in new equipment as of January 1, 2019.",
Vending Machines,R-422C,ICOR XLT1,R/N,0,"3,390",A1,"March 29, 2006; June 16, 2010; July 20, 2015","Unacceptable in new equipment as of January 1, 2019.",
"Passenger Air Conditioning in Light-Duty, Medium-Duty, Heavy-Duty and Off-Road Vehicles",HFO-1234yf,"Opteon™ XL10, Solstice® yf",N,0,4,A2L,"March 29, 2011; December 1, 2016; May 4, 2022","Acceptable with Use Conditions:  For use in newly manufactured passenger cars, light-duty trucks, medium-duty passenger vehicles, heavy-duty pickup trucks, complete heavy-duty vans, and nonroad vehicles; see rules for detailed conditions.",
Cold Storage Warehouses,R-125/R-290/R-134a/R-600a (55.0/1.0/42.5/1.5),ICOR AT-22,R/N,0,"2,530",A1,"March 3, 2006; December 1, 2016","Unacceptable in new equipment as of January 1, 2023.",
"Passenger Air Conditioning in Light-Duty, Medium-Duty, Heavy-Duty and Off-Road Vehicles",Free Zone (HCFC Blend Delta),Free Zone / RB-276,R/N,0.013,"1,592",A1,"May 22, 1996; July 20, 2015",Unacceptable as of MY 2017. Detailed conditions apply - see rule.,
Centrifugal Chillers,R-513A,Opteon® XP 10,R/N,0,630,A1,"July 16, 2015",Acceptable,
Industrial Process Air Conditioning,R-421B,Choice R-421B,R/N,0,"3,190",A1,N/A,Acceptable,
Non-Mechanical Heat Transfer Systems,"PFCs (C3F8, C4F10, C5F12, C5F11NO, C6F14, C6F13NO, C7F16, C7F15NO, C8F18, C8F17NO, C9F21N)",,R/N,0,N/A,N/A,N/A,Acceptable with Use Conditions: PFCs are only allowed in new systems where a study has demonstrated that no other alternatives are technically feasible due to safety or performance requirements; this study must be kept available for review.,
Cold Storage Warehouses,R-422A,ISCEON 79,R/N,0,"3,140",A1,"October 1, 2004; December 1, 2016","Unacceptable in new equipment as of January 1, 2023.",
Household Refrigerators and Freezers,R-422A,ISCEON 79,R/N,0,"3,140",A1,"October 1, 2004; December 1, 2016","Unacceptable in new equipment as of January 1, 2021.",
Refrigerated Food Processing and Dispensing Equipment,R-422A,ISCEON 79,R/N,0,"3,140",A1,"October 1, 2004; December 1, 2016","Unacceptable in new equipment as of January 1, 2021.",
Remote Condensing Units,R-422A,ISCEON 79,R/N,0,"3,140",A1,"October 1, 2004; July 20, 2015","Unacceptable in:
• retrofit equipment as of July 20, 2016. 
• new equipment as of January 1, 2018.",
Stand-Alone Equipment,R-422A,ISCEON 79,R/N,0,"3,140",A1,"October 1, 2004; July 20, 2015","Unacceptable in: 
• new Stand-Alone Medium-Temperature Units with a compressor capacity below 2,200 Btu/hour and not containing a flooded evaporator as of January 1, 2019. 
• new Stand-Alone Medium-Temperature Units with a compressor capacity equal to or greater than 2,200 Btu/hour and Stand-Alone Medium-Temperature Units containing a flooded evaporator as of January 1, 2020. 
• new Stand-Alone Low-Temperature Units as of January 1, 2020.",
Supermarket Systems,R-422A,ISCEON 79,R/N,0,"3,140",A1,"October 1, 2004; July 20, 2015","Unacceptable in:
• retrofit equipment as of July 20, 2016. 
• new equipment as of January 1, 2017.",
Passenger Air Conditioning in Buses and Trains,HFC-134a,134a,R/N,0,"1,430",A1,"October 1, 2004; June 16, 2010",Acceptable,
Passenger Air Conditioning in Buses and Trains,R-407C,"Suva 407C, Klea 407C",R/N,0,"1,770",A1,"October 1, 2004; June 16, 2010",Acceptable,
Passenger Air Conditioning in Buses and Trains,R-410A,"AZ-20, Suva 9100, Puron",N,0,"2,090",A1,"October 1, 2004; June 16, 2010",Acceptable,
Stand-Alone Equipment,R-449B,Forane® 449B,R/N,0,"1,410",A1,"October 11, 2016; May 6, 2021","Acceptable: Low temperature (i.e., temperatures at or below 32°F (0 °C)) stand-alone equipment only.
Acceptable with Narrowed Use Limits: New medium- temperature (i.e., temperatures above 32°F (0 °C)) stand-alone equipment only. See May 6, 2021 rule for detailed use limits.",
"Passenger Air Conditioning in Light-Duty, Medium-Duty, Heavy-Duty and Off-Road Vehicles",Freeze 12,Freeze 12,R/N,0.013,"1,606",A1,"October 16, 1996; July 20, 2015",Unacceptable as of MY 2017. Detailed conditions apply - see rule.,
"Passenger Air Conditioning in Light-Duty, Medium-Duty, Heavy-Duty and Off-Road Vehicles",GHG-HP (HCFC Blend Lambda),GHG-HP,R/N,0.056,"1,893",A1,"October 16, 1996; July 20, 2015",Unacceptable as of MY 2017. Detailed conditions apply - see rule.,
"Passenger Air Conditioning in Light-Duty, Medium-Duty, Heavy-Duty and Off-Road Vehicles",R-406A,GHG,R/N,0.057,"1,900",A2,"October 16, 1996; July 20, 2015",Unacceptable as of MY 2017. Detailed conditions apply - see rule.,
"Passenger Air Conditioning in Light-Duty, Medium-Duty, Heavy-Duty and Off-Road Vehicles",R-414A,"GHG-X4, HCFC Blend Xi, Autofrost, Chill-it",R,0.045,"1,478",A1,"October 16, 1996; July 20, 2015",Unacceptable as of MY 2017. Detailed conditions apply - see rule.,
"Passenger Air Conditioning in Light-Duty, Medium-Duty, Heavy-Duty and Off-Road Vehicles",R-414B,"Hot Shot, Kar Kool",R/N,0.098,"3,337",A1,"October 16, 1996; July 20, 2015",Unacceptable as of MY 2017. Detailed conditions apply - see rule.,
Vending Machines,R-450A,Solstice® N-13,R/N,0,601,A1,"October 21, 2014; July 16, 2015",Acceptable,
Cold Storage Warehouses,R-428A,RS-52,R/N,0,"3,610",A1,"October 4, 2007; December 1, 2016","Unacceptable in new equipment as of January 1, 2023.",
Cold Storage Warehouses,R-434A,RS-45,R/N,0,"3,250",A1,"October 4, 2007; December 1, 2016","Unacceptable in new equipment as of January 1, 2023.",
Household Refrigerators and Freezers,R-428A,RS-52,R/N,0,"3,610",A1,"October 4, 2007; December 1, 2016","Unacceptable in new equipment as of January 1, 2021.",
Household Refrigerators and Freezers,R-434A,RS-45,R/N,0,"3,250",A1,"October 4, 2007; December 1, 2016","Unacceptable in new equipment as of January 1, 2021.",
Refrigerated Food Processing and Dispensing Equipment,R-428A,RS-52,R/N,0,"3,610",A1,"October 4, 2007; December 1, 2016","Unacceptable in new equipment as of January 1, 2021.",
Remote Condensing Units,R-428A,RS-52,R/N,0,"3,610",A1,"October 4, 2007; July 20, 2015","Unacceptable in:
• retrofit equipment as of July 20, 2016. 
• new equipment as of January 1, 2018.",
Stand-Alone Equipment,R-428A,RS-52,R/N,0,"3,610",A1,"October 4, 2007; July 20, 2015","Unacceptable in: 
• new Stand-Alone Medium-Temperature Units with a compressor capacity below 2,200 Btu/hour and not containing a flooded evaporator as of January 1, 2019. 
• new Stand-Alone Medium-Temperature Units with a compressor capacity equal to or greater than 2,200 Btu/hour and Stand-Alone Medium-Temperature Units containing a flooded evaporator as of January 1, 2020. 
• new Stand-Alone Low-Temperature Units as of January 1, 2020.",
Supermarket Systems,R-428A,RS-52,R/N,0,"3,610",A1,"October 4, 2007; July 20, 2015","Unacceptable in:
• retrofit equipment as of July 20, 2016. 
• new equipment as of January 1, 2017.",
Commerical Ice Machines,R-438A,"KDD5, ISCEON MO99",R/N,0,"2,270",A1,"October 4, 2007; June 16, 2010",Acceptable,
Ice Skating Rinks,R-428A,RS-52,R/N,0,"3,610",A1,"October 4, 2007; June 16, 2010",Acceptable,
Ice Skating Rinks,R-434A,RS-45,R/N,0,"3,250",A1,"October 4, 2007; June 16, 2010",Acceptable,
Ice Skating Rinks,R-438A,"KDD5, ISCEON MO99",R/N,0,"2,270",A1,"October 4, 2007; June 16, 2010",Acceptable,
Industrial Process Air Conditioning,R-438A,"KDD5, ISCEON MO99",R/N,0,"2,270",A1,"October 4, 2007; June 16, 2010",Acceptable,
Industrial Process Refrigeration,R-428A,RS-52,N,0,"3,610",A1,"October 4, 2007; June 16, 2010",Acceptable,
Industrial Process Refrigeration,R-434A,RS-45,R/N,0,"3,250",A1,"October 4, 2007; June 16, 2010",Acceptable,
Industrial Process Refrigeration,R-438A,"KDD5, ISCEON MO99",R/N,0,"2,270",A1,"October 4, 2007; June 16, 2010",Acceptable,
Non-Mechanical Heat Transfer Systems,R-438A,"KDD5, ISCEON MO99",R/N,0,"2,270",A1,"October 4, 2007; June 16, 2010",Acceptable,
Passenger Air Conditioning in Buses and Trains,R-438A,"KDD5, ISCEON MO99",R/N,0,"2,270",A1,"October 4, 2007; June 16, 2010",Acceptable,
Refrigerated Transport,R-438A,"KDD5, ISCEON MO99",R/N,0,"2,270",A1,"October 4, 2007; June 16, 2010",Acceptable,
Remote Condensing Units,R-438A,"KDD5, ISCEON MO99",R/N,0,"2,270",A1,"October 4, 2007; June 16, 2010",Acceptable,
Residential and Light Commercial Air Conditioning and Heat Pumps ,R-438A,"KDD5, ISCEON MO99",R/N,0,"2,270",A1,"October 4, 2007; June 16, 2010",Acceptable,
Residential Dehumidifiers,R-438A,"KDD5, ISCEON MO99",R/N,0,"2,270",A1,"October 4, 2007; June 16, 2010",Acceptable,
Supermarket Systems,R-438A,"KDD5, ISCEON MO99",R/N,0,"2,270",A1,"October 4, 2007; June 16, 2010",Acceptable,
Water Coolers,R-438A,"KDD5, ISCEON MO99",R/N,0,"2,270",A1,"October 4, 2007; June 16, 2010",Acceptable,
Centrifugal Chillers,R-515B,,N,0,287,A1,"December 11, 2020",Acceptable,
Centrifugal Chillers,"R-744 (Carbon Dioxide, CO2)",,N,0,1,A1,"May 23, 2016",Acceptable,
Household Refrigerators and Freezers,R-438A,"KDD5, ISCEON MO99",R/N,0,"2,270",A1,"October 4, 2007; June 16, 2010; December 1, 2016","Unacceptable in new equipment as of January 1, 2021.",
Positive Displacement Chillers,R-434A,RS-45,R/N,0,"3,250",A1,"October 4, 2007; June 16, 2010; December 1, 2016","Unacceptable in new equipment, except as otherwise allowed under a narrowed use limit, as of January 1, 2024.",Not originally listed under scroll chillers.
Positive Displacement Chillers,R-438A,"KDD5, ISCEON MO99",R/N,0,"2,270",A1,"October 4, 2007; June 16, 2010; December 1, 2016","Unacceptable in new equipment, except as otherwise allowed under a narrowed use limit, as of January 1, 2024.",Not originally listed under scroll chillers.
Refrigerated Food Processing and Dispensing Equipment,R-434A,RS-45,R/N,0,"3,250",A1,"October 4, 2007; June 16, 2010; December 1, 2016","Unacceptable in new equipment as of January 1, 2021.",
Refrigerated Food Processing and Dispensing Equipment,R-438A,"KDD5, ISCEON MO99",R/N,0,"2,270",A1,"October 4, 2007; June 16, 2010; December 1, 2016","Unacceptable in new equipment as of January 1, 2021.",
Remote Condensing Units,R-434A,RS-45,R/N,0,"3,250",A1,"October 4, 2007; June 16, 2010; July 20, 2015","Unacceptable in:
• retrofit equipment as of July 20, 2016. 
• new equipment as of January 1, 2018.",
Stand-Alone Equipment,R-434A,RS-45,R/N,0,"3,250",A1,"October 4, 2007; June 16, 2010; July 20, 2015","Unacceptable in: 
• new Stand-Alone Medium-Temperature Units with a compressor capacity below 2,200 Btu/hour and not containing a flooded evaporator as of January 1, 2019. 
• new Stand-Alone Medium-Temperature Units with a compressor capacity equal to or greater than 2,200 Btu/hour and Stand-Alone Medium-Temperature Units containing a flooded evaporator as of January 1, 2020. 
• new Stand-Alone Low-Temperature Units as of January 1, 2020.",
Stand-Alone Equipment,R-438A,"KDD5, ISCEON MO99",R/N,0,"2,270",A1,"October 4, 2007; June 16, 2010; July 20, 2015","Unacceptable in: 
• new Stand-Alone Medium-Temperature Units with a compressor capacity below 2,200 Btu/hour and not containing a flooded evaporator as of January 1, 2019. 
• new Stand-Alone Medium-Temperature Units with a compressor capacity equal to or greater than 2,200 Btu/hour and Stand-Alone Medium-Temperature Units containing a flooded evaporator as of January 1, 2020. 
• new Stand-Alone Low-Temperature Units as of January 1, 2020.",
Supermarket Systems,R-434A,RS-45,R/N,0,"3,250",A1,"October 4, 2007; June 16, 2010; July 20, 2015","Unacceptable in:
• retrofit equipment as of July 20, 2016. 
• new equipment as of January 1, 2017.",
Vending Machines,R-438A,"KDD5, ISCEON MO99",R/N,0,"2,270",A1,"October 4, 2007; June 16, 2010; July 20, 2015","Unacceptable in new equipment as of January 1, 2019.",
Household Refrigerators and Freezers,R-407F ,Genetron Performax LT,R/N,0,"1,820",A1,"October 4, 2011; December 1, 2016","Unacceptable in new equipment as of January 1, 2021.",
Refrigerated Food Processing and Dispensing Equipment,R-407F ,Genetron Performax LT,R/N,0,"1,820",A1,"October 4, 2011; December 1, 2016","Unacceptable in new equipment as of January 1, 2021.",
Stand-Alone Equipment,R-407F ,Genetron Performax LT,R/N,0,"1,820",A1,"October 4, 2011; July 20, 2015","Unacceptable in: 
• new Stand-Alone Medium-Temperature Units with a compressor capacity below 2,200 Btu/hour and not containing a flooded evaporator as of January 1, 2019. 
• new Stand-Alone Medium-Temperature Units with a compressor capacity equal to or greater than 2,200 Btu/hour and Stand-Alone Medium-Temperature Units containing a flooded evaporator as of January 1, 2020. 
• new Stand-Alone Low-Temperature Units as of January 1, 2020.",
Ice Skating Rinks,R-448A,Solstice® N-40,R/N,0,"1,390",A1,"October 4, 2018; October 31, 2019",Acceptable,
Ice Skating Rinks,R-449A,Opteon® XP 40,R/N,0,"1,400",A1,"October 4, 2018; October 31, 2019",Acceptable,
Ice Skating Rinks,R-449B,Forane® 449B,R/N,0,"1,410",A1,"October 4, 2018; October 31, 2019",Acceptable,
Cold Storage Warehouses,R-421A,Choice R-421A,R/N,0,"2,630",A1,"September 28, 2006; December 1, 2016","Unacceptable in new equipment as of January 1, 2023.",
Cold Storage Warehouses,R-421B,Choice R-421B,R/N,0,"3,190",A1,"September 28, 2006; December 1, 2016","Unacceptable in new equipment as of January 1, 2023.",
Cold Storage Warehouses,R-422D,ISCEON MO29,R/N,0,"2,730",A1,"September 28, 2006; December 1, 2016","Unacceptable in new equipment as of January 1, 2023.",
Cold Storage Warehouses,R-424A,RS-44,R/N,0,"2,440",A1,"September 28, 2006; December 1, 2016","Unacceptable in new equipment as of January 1, 2023.",
Household Refrigerators and Freezers,R-421A,Choice R-421A,R/N,0,"2,630",A1,"September 28, 2006; December 1, 2016","Unacceptable in new equipment as of January 1, 2021.",
Household Refrigerators and Freezers,R-421B,Choice R-421B,R/N,0,"3,190",A1,"September 28, 2006; December 1, 2016","Unacceptable in new equipment as of January 1, 2021.",
Household Refrigerators and Freezers,R-422D,ISCEON MO29,R/N,0,"2,730",A1,"September 28, 2006; December 1, 2016","Unacceptable in new equipment as of January 1, 2021.",
Household Refrigerators and Freezers,R-424A,RS-44,R/N,0,"2,440",A1,"September 28, 2006; December 1, 2016","Unacceptable in new equipment as of January 1, 2021.",
Household Refrigerators and Freezers,R-426A,RS-24,R/N,0,"1,510",A1,"September 28, 2006; December 1, 2016","Unacceptable in new equipment as of January 1, 2021.",
"Passenger Air Conditioning in Light-Duty, Medium-Duty, Heavy-Duty and Off-Road Vehicles",R-426A,RS-24,R/N,0,"1,510",A1,"September 28, 2006; July 20, 2015",Unacceptable as of MY 2017. Detailed conditions apply - see notice.,
Cold Storage Warehouses,R-426A,RS-24,R/N,0,"1,510",A1,"September 28, 2006; June 16, 2010",Acceptable,
Cold Storage Warehouses,HFO-1234yf, ,N,0,1,A2L,"June 13, 2024",Acceptable subject to use conditions: See rule for detailed conditions.,
Cold Storage Warehouses,HFO-1234ze(E), ,N,0,1,A2L,"June 13, 2024",Acceptable subject to use conditions: See rule for detailed conditions.,
Cold Storage Warehouses,R-454A,Opteon™ XL40,N,0,237,A2L,"June 13, 2024",Acceptable subject to use conditions: See rule for detailed conditions.,
Cold Storage Warehouses,R-454C,Opteon™ XL20,N,0,146,A2L,"June 13, 2024",Acceptable subject to use conditions: See rule for detailed conditions.,
Cold Storage Warehouses,R-455A,Solstice® L40X,N,0,146,A2L,"June 13, 2024",Acceptable subject to use conditions: See rule for detailed conditions.,
Cold Storage Warehouses,R-457A,Forane® 457A,N,0,137,A2L,"June 13, 2024",Acceptable subject to use conditions: See rule for detailed conditions.,
Cold Storage Warehouses,R-516A,Forane® 516A,N,0,140,A2L,"June 13, 2024",Acceptable subject to use conditions: See rule for detailed conditions.,
Cold Storage Warehouses,R-480A,RS-20,R,0,291,A1,"December 11, 2024",Acceptable,
Commerical Ice Machines,R-426A,RS-24,R/N,0,"1,510",A1,"September 28, 2006; June 16, 2010",Acceptable,
Commerical Ice Machines,HFC-32, ,N,0,675,A2L,"June 13, 2024",Acceptable subject to use conditions: See rule for detailed conditions.,
Commerical Ice Machines,HFO-1234yf, ,N,0,1,A2L,"June 13, 2024",Acceptable subject to use conditions: See rule for detailed conditions.,
Commerical Ice Machines,R-454A,Opteon™ XL40,N,0,237,A2L,"June 13, 2024",Acceptable subject to use conditions: See rule for detailed conditions.,
Commerical Ice Machines,R-454B,Opteon™ XL41,N,0,465,A2L,"June 13, 2024",Acceptable subject to use conditions: See rule for detailed conditions.,
Commerical Ice Machines,R-454C,Opteon™ XL20,N,0,146,A2L,"June 13, 2024",Acceptable subject to use conditions: See rule for detailed conditions.,
Commerical Ice Machines,R-455A,Solstice® L40X,N,0,146,A2L,"June 13, 2024",Acceptable subject to use conditions: See rule for detailed conditions.,
Commerical Ice Machines,R-457A,Forane® 457A,N,0,137,A2L,"June 13, 2024",Acceptable subject to use conditions: See rule for detailed conditions.,
Commerical Ice Machines,R-480A,RS-20,R,0,291,A1,"December 11, 2024",Acceptable,
Commerical Ice Machines,R-516A,Forane® 516A,N,0,140,A2L,"June 13, 2024",Acceptable subject to use conditions: See rule for detailed conditions.,
Ice Skating Rinks,R-421A,Choice R-421A,R/N,0,"2,630",A1,"September 28, 2006; June 16, 2010",Acceptable,
Ice Skating Rinks,R-421B,Choice R-421B,R/N,0,"3,190",A1,"September 28, 2006; June 16, 2010",Acceptable,
Ice Skating Rinks,R-422D,ISCEON MO29,R/N,0,"2,730",A1,"September 28, 2006; June 16, 2010",Acceptable,
Ice Skating Rinks,R-424A,RS-44,R/N,0,"2,440",A1,"September 28, 2006; June 16, 2010",Acceptable,
Ice Skating Rinks,R-426A,RS-24,R/N,0,"1,510",A1,"September 28, 2006; June 16, 2010",Acceptable,
Industrial Process Air Conditioning,R-426A,RS-24,R/N,0,"1,510",A1,"September 28, 2006; June 16, 2010",Acceptable,
Industrial Process Refrigeration,R-421A,Choice R-421A,R/N,0,"2,630",A1,"September 28, 2006; June 16, 2010",Acceptable,
Industrial Process Refrigeration,R-421B,Choice R-421B,R/N,0,"3,190",A1,"September 28, 2006; June 16, 2010",Acceptable,
Industrial Process Refrigeration,R-422D,ISCEON MO29,R/N,0,"2,730",A1,"September 28, 2006; June 16, 2010",Acceptable,
Industrial Process Refrigeration,R-424A,RS-44,R/N,0,"2,440",A1,"September 28, 2006; June 16, 2010",Acceptable,
Industrial Process Refrigeration,R-426A,RS-24,R/N,0,"1,510",A1,"September 28, 2006; June 16, 2010",Acceptable,
Passenger Air Conditioning in Buses and Trains,R-422D,ISCEON MO29,R/N,0,"2,730",A1,"September 28, 2006; June 16, 2010",Acceptable,
Refrigerated Food Processing and Dispensing Equipment,R-426A,RS-24,R/N,0,"1,510",A1,"September 28, 2006; June 16, 2010",Acceptable,
Refrigerated Transport,R-407D,,R/N,0,"1,630",A1,"September 28, 2006; June 16, 2010",Acceptable,
Refrigerated Transport,R-426A,RS-24,R/N,0,"1,510",A1,"September 28, 2006; June 16, 2010",Acceptable,
Remote Condensing Units,R-421A,Choice R-421A,R/N,0,"2,630",A1,"September 28, 2006; June 16, 2010",Acceptable,
Remote Condensing Units,R-424A,RS-44,R/N,0,"2,440",A1,"September 28, 2006; June 16, 2010",Acceptable,
Remote Condensing Units,R-426A,RS-24,R/N,0,"1,510",A1,"September 28, 2006; June 16, 2010",Acceptable,
Residential Dehumidifiers,R-426A,RS-24,R/N,0,"1,510",A1,"September 28, 2006; June 16, 2010",Acceptable,
Residential Dehumidifiers,HFC-32, ,N,0,675,A2L,"April 28, 2023",Acceptable with Use Conditions: See rule for detailed conditions.,
Residential Dehumidifiers,HFO-1234yf, ,N,0.000,<4,A2L,"April 28, 2023",Acceptable with Use Conditions: See rule for detailed conditions.,
Residential Dehumidifiers,R-452B,Opteon™ XL55,N,0,698,A2L,"April 28, 2023",Acceptable with Use Conditions: See rule for detailed conditions.,
Residential Dehumidifiers,R-454A,Opteon™ XL40,N,0,240,A2L,"April 28, 2023",Acceptable with Use Conditions: See rule for detailed conditions.,
Residential Dehumidifiers,R-454B,Opteon™ XL41,N,0,466,A2L,"April 28, 2023",Acceptable with Use Conditions: See rule for detailed conditions.,
Residential Dehumidifiers,R-454C,Opteon™ XL20,N,0,148,A2L,"April 28, 2023",Acceptable with Use Conditions: See rule for detailed conditions.,
Stand-Alone Equipment,R-424A,RS-44,R/N,0,"2,440",A1,"September 28, 2006; June 16, 2010","Unacceptable in: 
• new Stand-Alone Medium-Temperature Units with a compressor capacity below 2,200 Btu/hour and not containing a flooded evaporator as of January 1, 2019. 
• new Stand-Alone Medium-Temperature Units with a compressor capacity equal to or greater than 2,200 Btu/hour and Stand-Alone Medium-Temperature Units containing a flooded evaporator as of January 1, 2020. 
• new Stand-Alone Low-Temperature Units as of January 1, 2020.",
Supermarket Systems,R-421A,Choice R-421A,R/N,0,"2,630",A1,"September 28, 2006; June 16, 2010",Acceptable,
Supermarket Systems,R-424A,RS-44,R/N,0,"2,440",A1,"September 28, 2006; June 16, 2010",Acceptable,
Supermarket Systems,R-426A,RS-24,R/N,0,"1,510",A1,"September 28, 2006; June 16, 2010",Acceptable,
Water Coolers,R-426A,RS-24,R/N,0,"1,510",A1,"September 28, 2006; June 16, 2010",Acceptable,
Water Coolers,R-480A,RS-20,R,0,291,A1,"December 11, 2024",Acceptable,
Water Coolers,,,,,,,,,
Water Coolers,,,,,,,,,
Centrifugal Chillers,RS-44 (2003 formulation),,R/N,0,"2,420",A1,"June 16, 2010; December 1, 2016","Unacceptable in new equipment, except as otherwise allowed under a narrowed use limit, as of January 1, 2024.",
Centrifugal Chillers,Stirling Cycle,,N,0,N/A,N/A,"June 16, 2010",Acceptable,
Centrifugal Chillers,THR-02,,R/N,0,N/A,A1,"December 6, 1999",Acceptable,
Positive Displacement Chillers,R-421A,Choice R-421A,R/N,0,"2,630",A1,"September 28, 2006; June 16, 2010; December 1, 2016","Unacceptable in new equipment, except as otherwise allowed under a narrowed use limit, as of January 1, 2024.",Not originally listed under scroll chillers.
Positive Displacement Chillers,R-422D,ISCEON MO29,R/N,0,"2,730",A1,"September 28, 2006; June 16, 2010; December 1, 2016","Unacceptable in new equipment, except as otherwise allowed under a narrowed use limit, as of January 1, 2024.",Not originally listed under scroll chillers.
Positive Displacement Chillers,R-424A,RS-44,R/N,0,"2,440",A1,"September 28, 2006; June 16, 2010; December 1, 2016","Unacceptable in new equipment, except as otherwise allowed under a narrowed use limit, as of January 1, 2024.",Not originally listed under scroll chillers.
Refrigerated Food Processing and Dispensing Equipment,R-421A,Choice R-421A,R/N,0,"2,630",A1,"September 28, 2006; June 16, 2010; December 1, 2016","Unacceptable in new equipment as of January 1, 2021.",
Refrigerated Food Processing and Dispensing Equipment,R-421B,Choice R-421B,R/N,0,"3,190",A1,"September 28, 2006; June 16, 2010; December 1, 2016","Unacceptable in new equipment as of January 1, 2021.",
Refrigerated Food Processing and Dispensing Equipment,R-422D,ISCEON MO29,R/N,0,"2,730",A1,"September 28, 2006; June 16, 2010; December 1, 2016","Unacceptable in new equipment as of January 1, 2021.",
Refrigerated Food Processing and Dispensing Equipment,R-424A,RS-44,R/N,0,"2,440",A1,"September 28, 2006; June 16, 2010; December 1, 2016","Unacceptable in new equipment as of January 1, 2021.",
Remote Condensing Units,R-421B,Choice R-421B,R/N,0,"3,190",A1,"September 28, 2006; June 16, 2010; July 20, 2015","Unacceptable in:
• retrofit equipment as of July 20, 2016. 
• new equipment as of January 1, 2018.",
Remote Condensing Units,R-422D,ISCEON MO29,R/N,0,"2,730",A1,"September 28, 2006; June 16, 2010; July 20, 2015","Unacceptable in:
• retrofit equipment as of July 20, 2016. 
• new equipment as of January 1, 2018.",
Remote Condensing Units,HFO-1234yf, ,N,0,1,A2L,"June 13, 2024",Acceptable subject to use conditions: See rule for detailed conditions.,
Remote Condensing Units,HFO-1234ze(E), ,N,0,1,A2L,"June 13, 2024",Acceptable subject to use conditions: See rule for detailed conditions.,
Remote Condensing Units,R-454A,Opteon™ XL40,N,0,237,A2L,"June 13, 2024",Acceptable subject to use conditions: See rule for detailed conditions.,
Remote Condensing Units,R-454C,Opteon™ XL20,N,0,146,A2L,"June 13, 2024",Acceptable subject to use conditions: See rule for detailed conditions.,
Remote Condensing Units,R-455A,Solstice® L40X,N,0,146,A2L,"June 13, 2024",Acceptable subject to use conditions: See rule for detailed conditions.,
Remote Condensing Units,R-457A,Forane® 457A,N,0,137,A2L,"June 13, 2024",Acceptable subject to use conditions: See rule for detailed conditions.,
Remote Condensing Units,R-471A,Solstice® N71,R/N,0,144,A1,"September 8, 2023; December 11, 2024",Acceptable,
Remote Condensing Units,R-515B,Solstice® N15,N,0,287,A1,"September 8, 2023",Acceptable,
Remote Condensing Units,R-516A,Forane® 516A,N,0,140,A2L,"June 13, 2024",Acceptable subject to use conditions: See rule for detailed conditions.,
Stand-Alone Equipment,R-421A,Choice R-421A,R/N,0,"2,630",A1,"September 28, 2006; June 16, 2010; July 20, 2015","Unacceptable in: 
• new Stand-Alone Medium-Temperature Units with a compressor capacity below 2,200 Btu/hour and not containing a flooded evaporator as of January 1, 2019. 
• new Stand-Alone Medium-Temperature Units with a compressor capacity equal to or greater than 2,200 Btu/hour and Stand-Alone Medium-Temperature Units containing a flooded evaporator as of January 1, 2020. 
• new Stand-Alone Low-Temperature Units as of January 1, 2020.",
Stand-Alone Equipment,R-421B,Choice R-421B,R/N,0,"3,190",A1,"September 28, 2006; June 16, 2010; July 20, 2015","Unacceptable in: 
• new Stand-Alone Medium-Temperature Units with a compressor capacity below 2,200 Btu/hour and not containing a flooded evaporator as of January 1, 2019. 
• new Stand-Alone Medium-Temperature Units with a compressor capacity equal to or greater than 2,200 Btu/hour and Stand-Alone Medium-Temperature Units containing a flooded evaporator as of January 1, 2020. 
• new Stand-Alone Low-Temperature Units as of January 1, 2020.",
Stand-Alone Equipment,R-422D,ISCEON MO29,R/N,0,"2,730",A1,"September 28, 2006; June 16, 2010; July 20, 2015","Unacceptable in: 
• new Stand-Alone Medium-Temperature Units with a compressor capacity below 2,200 Btu/hour and not containing a flooded evaporator as of January 1, 2019. 
• new Stand-Alone Medium-Temperature Units with a compressor capacity equal to or greater than 2,200 Btu/hour and Stand-Alone Medium-Temperature Units containing a flooded evaporator as of January 1, 2020. 
• new Stand-Alone Low-Temperature Units as of January 1, 2020.",
Stand-Alone Equipment,R-426A,RS-24,R/N,0,"1,510",A1,"September 28, 2006; June 16, 2010; July 20, 2015","Unacceptable in:
• new Stand-Alone Medium-Temperature Units with a compressor capacity below 2,200 Btu/hour and not containing a flooded evaporator as of January 1, 2019. 
• new Stand-Alone Medium-Temperature Units with a compressor capacity equal to or greater than 2,200 Btu/hour and Stand-Alone Medium-Temperature Units containing a flooded evaporator as of January 1, 2020.",
Stand-Alone Equipment,HFO-1234yf, ,N,0,1,A2L,"June 13, 2024",Acceptable subject to use conditions: See rule for detailed conditions.,
Stand-Alone Equipment,HFO-1234ze(E), ,N,0,1,A2L,"June 13, 2024",Acceptable subject to use conditions: See rule for detailed conditions.,
Stand-Alone Equipment,R-454C,Opteon™ XL20,N,0,146,A2L,"June 13, 2024",Acceptable subject to use conditions: See rule for detailed conditions.,
Stand-Alone Equipment,R-455A,Solstice® L40X,N,0,146,A2L,"June 13, 2024",Acceptable subject to use conditions: See rule for detailed conditions.,
Stand-Alone Equipment,R-457A,Forane® 457A,N,0,137,A2L,"June 13, 2024",Acceptable subject to use conditions: See rule for detailed conditions.,
Stand-Alone Equipment,R-471A,Solstice® N71,N,0,144,A1,"September 8, 2023",Acceptable,
Stand-Alone Equipment,R-516A,Forane® 516A,N,0,140,A2L,"June 13, 2024",Acceptable subject to use conditions: See rule for detailed conditions.,
Supermarket Systems,R-421B,Choice R-421B,R/N,0,"3,190",A1,"September 28, 2006; June 16, 2010; July 20, 2015","Unacceptable in:
• retrofit equipment as of July 20, 2016. 
• new equipment as of January 1, 2017.",
Supermarket Systems,R-422D,ISCEON MO29,R/N,0,"2,730",A1,"September 28, 2006; June 16, 2010; July 20, 2015","Unacceptable in:
• retrofit equipment as of July 20, 2016. 
• new equipment as of January 1, 2017.",
Supermarket Systems,HFO-1234yf, ,N,0,1,A2L,"June 13, 2024",Acceptable subject to use conditions: See rule for detailed conditions.,
Supermarket Systems,HFO-1234ze(E), ,N,0,1,A2L,"June 13, 2024",Acceptable subject to use conditions: See rule for detailed conditions.,
Supermarket Systems,R-454A,Opteon™ XL40,N,0,237,A2L,"June 13, 2024",Acceptable subject to use conditions: See rule for detailed conditions.,
Supermarket Systems,R-454C,Opteon™ XL20,N,0,146,A2L,"June 13, 2024",Acceptable subject to use conditions: See rule for detailed conditions.,
Supermarket Systems,R-455A,Solstice® L40X,N,0,146,A2L,"June 13, 2024",Acceptable subject to use conditions: See rule for detailed conditions.,
Supermarket Systems,R-457A,Forane® 457A,N,0,137,A2L,"June 13, 2024",Acceptable subject to use conditions: See rule for detailed conditions.,
Supermarket Systems,R-471A,Solstice® N71,R/N,0,144,A1,"September 8, 2023; December 11, 2024",Acceptable,
Supermarket Systems,R-515B,Solstice® N15,N,0,287,A1,"September 8, 2023",Acceptable,
Supermarket Systems,R-516A,Forane® 516A,N,0,140,A2L,"June 13, 2024",Acceptable subject to use conditions: See rule for detailed conditions.,
Vending Machines,R-421A,Choice R-421A,R/N,0,"2,630",A1,"September 28, 2006; June 16, 2010; July 20, 2015","Unacceptable in new equipment as of January 1, 2019.",
Vending Machines,R-422D,ISCEON MO29,R/N,0,"2,730",A1,"September 28, 2006; June 16, 2010; July 20, 2015","Unacceptable in new equipment as of January 1, 2019.",
Vending Machines,R-426A,RS-24,R/N,0,"1,510",A1,"September 28, 2006; June 16, 2010; July 20, 2015","Unacceptable in new equipment as of January 1, 2019.",
Non-Mechanical Heat Transfer Systems,C6 Perfluoroketone,Novec™ 649,R/N,0,0.6 - 1.8,A1,"September 30, 2009; June 16, 2010",Acceptable,
Residential and Light Commercial Air Conditioning and Heat Pumps ,Desiccant Cooling,,N,0,N/A,N/A,"September 5, 1996, June 16, 2010",Acceptable,
Industrial Process Air Conditioning,"R-507, R-507A",AZ-50,R/N,0,"3,990",A1,"September 5, 1996; December 20, 2002",Acceptable,
Residential and Light Commercial Air Conditioning and Heat Pumps ,"R-507, R-507A",AZ-50,R/N,0,"3,990",A1,"September 5, 1996; December 20, 2002",Acceptable,
Residential and Light Commercial Air Conditioning and Heat Pumps ,R-513A,Opteon® XP-10,N,0,630,A1,"December 11, 2024",Acceptable in self-contained units.,
Centrifugal Chillers,THR-03,,N,0,N/A,A1,"December 6, 1999; December 1, 2016","Unacceptable, except as otherwise allowed under a narrowed use limit, as of January 1, 2024.",
Positive Displacement Chillers,"R-507, R-507A",AZ-50,R/N,0,"3,990",A1,"September 5, 1996; December 20, 2002; December 1, 2016","Unacceptable in new equipment, except as otherwise allowed under a narrowed use limit, as of January 1, 2024.",
Vending Machines,"R-507, R-507A",AZ-50,R/N,0,"3,990",A1,"September 5, 1996; December 20, 2002; July 20, 2015","Unacceptable in:
• retrofit equipment as of July 20, 2016. 
• new equipment as of January 1, 2019.",
Centrifugal Chillers,"Trans-1-chloro-3,3,3-trifluoroprop-1-ene","Solstice 1233zd(E), Solstice N12 Refrigerant",N,0.00024 - 0.00034,4.7 - 7,A1,"August 10, 2012",Acceptable,
Centrifugal Chillers,Water / Lithium Bromide Absorption,,N,0,0,A1,"March 18, 1994; June 16, 2010",Acceptable,
Ice Skating Rinks,Ammonia Absorption,,N,0,0,B2,"September 5, 1996; June 16, 2010",Acceptable,
Ice Skating Rinks,HFO-1234yf, ,N,0,1,A2L,"June 13, 2024",Acceptable Subject to Use Conditions: See rule for detailed conditions.,
Ice Skating Rinks,HFO-1234ze(E), ,N,0,1,A2L,"June 13, 2024",Acceptable Subject to Use Conditions: See rule for detailed conditions.,
Ice Skating Rinks,R-454C,Opteon™ XL20,N,0,146,A2L,"June 13, 2024",Acceptable Subject to Use Conditions: See rule for detailed conditions.,
Ice Skating Rinks,R-455A,Solstice® L40X,N,0,146,A2L,"June 13, 2024",Acceptable Subject to Use Conditions: See rule for detailed conditions.,
Ice Skating Rinks,R-457A,Forane® 457A,N,0,137,A2L,"June 13, 2024",Acceptable Subject to Use Conditions: See rule for detailed conditions.,
Industrial Process Refrigeration,R-516A,Forane® 516A,N,0,140,A2L,"June 13, 2024",Acceptable Subject to Use Conditions: See rule for detailed conditions.,
Industrial Process Refrigeration,HFC-32, ,N,0,675,A2L,"June 13, 2024",Acceptable Subject to Use Conditions: See rule for detailed conditions.,
Industrial Process Refrigeration,HFO-1234yf, ,N,0,1,A2L,"June 13, 2024",Acceptable Subject to Use Conditions: See rule for detailed conditions.,
Industrial Process Refrigeration,HFO-1234ze(E), ,N,0,1,A2L,"June 13, 2024",Acceptable Subject to Use Conditions: See rule for detailed conditions.,
Industrial Process Refrigeration,R-454A,Opteon™ XL40,N,0,237,A2L,"June 13, 2024",Acceptable Subject to Use Conditions: See rule for detailed conditions.,
Industrial Process Refrigeration,R-454B,Opteon™ XL41,N,0,465,A2L,"June 13, 2024",Acceptable Subject to Use Conditions: See rule for detailed conditions.,
Industrial Process Refrigeration,R-454C,Opteon™ XL20,N,0,146,A2L,"June 13, 2024",Acceptable Subject to Use Conditions: See rule for detailed conditions.,
Industrial Process Refrigeration,R-455A,Solstice® L40X,N,0,146,A2L,"June 13, 2024",Acceptable Subject to Use Conditions: See rule for detailed conditions.,
Industrial Process Refrigeration,R-457A,Forane® 457A,N,0,137,A2L,"June 13, 2024",Acceptable Subject to Use Conditions: See rule for detailed conditions.,
Industrial Process Refrigeration,R-516A,Forane® 516A,N,0,140,A2L,"June 13, 2024",Acceptable Subject to Use Conditions: See rule for detailed conditions.,
Positive Displacement Chillers,Ammonia Vapor Compression with Secondary Loop,,N,0,0,B2,"September 5, 1996; June 16, 2010",Acceptable,
Positive Displacement Chillers,Evaporative Cooling,,N,0,N/A,N/A,"September 5, 1996; June 16, 2010",Acceptable,
